index,func,name
COG3397,R,"Predicted carbohydrate-binding protein, contains CBM5 and CBM33 domains"
COG0694,O,"Fe-S cluster biogenesis protein NfuA, 4Fe-4S-binding domain"
COG3360,R,Flavin-binding protein dodecin
COG1331,R,"Uncharacterized conserved protein YyaL, SSP411 family, contains thoiredoxin and six-hairpin glycosidase-like domains"
COG1214,J,tRNA A37 threonylcarbamoyladenosine modification protein TsaB
COG1566,V,Multidrug resistance efflux pump
COG1538,M,Outer membrane protein TolC
COG0845,MV,Multidrug efflux pump subunit AcrA (membrane-fusion protein)
COG0577,V,"ABC-type antimicrobial peptide transport system, permease component"
COG1136,M,"ABC-type lipoprotein export system, ATPase component"
COG2322,S,"Uncharacterized membrane protein YozB, DUF420 family"
COG1999,O,"Cytochrome oxidase Cu insertion factor, SCO1/SenC/PrrC family"
COG1845,C,"Heme/copper-type cytochrome/quinol oxidase, subunit 3"
COG0109,HI,Polyprenyltransferase (heme O synthase)
COG0491,R,"Glyoxylase or a related metal-dependent hydrolase, beta-lactamase superfamily II"
COG5652,S,VanZ like family protein (function unknown)
COG0509,E,Glycine cleavage system H protein (lipoate-binding)
COG0632,L,Holliday junction resolvasome RuvABC DNA-binding subunit
COG0563,F,Adenylate kinase or related kinase
COG0281,C,Malic enzyme
COG1600,J,Epoxyqueuosine reductase  QueG (queuosine biosynthesis)
COG0668,M,Small-conductance mechanosensitive channel
COG2124,QV,Cytochrome P450
COG2255,L,"Holliday junction resolvasome RuvABC, ATP-dependent DNA helicase subunit"
COG0843,C,"Heme/copper-type cytochrome/quinol oxidase, subunit 1"
COG1622,C,"Heme/copper-type cytochrome/quinol oxidase, subunit 2"
COG3743,L," Predicted 5' DNA nuclease, flap endonuclease-1-like, helix-3-turn-helix (H3TH) domain"
COG0437,C,Fe-S-cluster-containing dehydrogenase component
COG3474,C,Cytochrome c2
COG0532,J,"Translation initiation factor IF-2, a GTPase"
COG0195,K,"Transcription antitermination factor NusA, contains S1 and KH domains"
COG0779,J,Ribosome maturation factor RimP
COG0589,T,"Nucleotide-binding universal stress protein,  UspA family"
COG1402,HQ, Creatinine amidohydrolase/Fe(II)-dependent formamide hydrolase involved in riboflavin and F420 biosynthesis
COG4206,H,Outer membrane cobalamin receptor protein
COG1595,K,"DNA-directed RNA polymerase specialized sigma subunit, sigma24 family"
COG0318,IQ,Acyl-CoA synthetase (AMP-forming)/AMP-acid ligase II
COG0726,GM,"Peptidoglycan/xylan/chitin deacetylase, PgdA/CDA1 family"
COG3118,O,"Negative regulator of GroEL, contains thioredoxin-like and TPR-like domains"
COG1408,R,"Predicted phosphohydrolase, MPP superfamily"
COG0749,L,DNA polymerase I - 3'-5' exonuclease and polymerase domains
COG1680,V,"CubicO group peptidase, beta-lactamase class C family"
COG0102,J,Ribosomal protein L13
COG0103,J,Ribosomal protein S9
COG0052,J,Ribosomal protein S2
COG0264,J,Translation elongation factor EF-Ts
COG0528,F,Uridylate kinase
COG0233,J,Ribosome recycling factor
COG1033,R,"Predicted exporter protein, RND superfamily"
COG0017,J,Aspartyl/asparaginyl-tRNA synthetase
COG0666,T,Ankyrin repeat
COG0753,P,Catalase
COG3279,KT,"DNA-binding response regulator, LytR/AlgR family"
COG3275,T,"Sensor histidine kinase, LytS/YehU family"
COG1629,P,"Outer membrane receptor proteins, mostly Fe transport"
COG1396,K,"Transcriptional regulator, contains XRE-family HTH domain"
COG1842,KT,Phage shock protein A
COG2268,S,"Uncharacterized membrane protein YqiK, contains Band7/PHB/SPFH domain"
COG1196,D,Chromosome segregation ATPase
COG4104,U,"Zn-binding Pro-Ala-Ala-Arg (PAAR) domain, incolved in TypeVI secretion"
COG1846,K,"DNA-binding transcriptional regulator, MarR family"
COG2153,R,"Predicted N-acyltransferase, GNAT family"
COG4585,T,Signal transduction histidine kinase
COG2197,TK,"DNA-binding response regulator, NarL/FixJ family, contains REC and HTH domains"
COG1508,K,"DNA-directed RNA polymerase specialized sigma subunit, sigma54 homolog"
COG0848,U,Biopolymer transport protein ExbD
COG0811,U,Biopolymer transport protein ExbB/TolQ
COG0252,JU,L-asparaginase/archaeal Glu-tRNAGln amidotransferase subunit D
COG0084,N,Tat protein secretion system quality control protein TatD (DNase activity)
COG4995,S,"Uncharacterized conserved protein, contains CHAT domain"
COG2355,E,"Zn-dependent dipeptidase, microsomal dipeptidase homolog"
COG1670,JO,"Protein N-acetyltransferase, RimJ/RimL family"
COG1305,O,"Transglutaminase-like enzyme, putative cysteine protease"
COG0223,J,Methionyl-tRNA formyltransferase
COG4675,S,Microcystin-dependent protein  (function unknown)
COG4886,K,Leucine-rich repeat (LRR) protein
COG2340,S,"Uncharacterized conserved protein YkwD, contains CAP (CSP/antigen 5/PR1) domain"
COG0022,C,"Pyruvate/2-oxoglutarate/acetoin dehydrogenase complex, dehydrogenase (E1) component"
COG0115,EH,Branched-chain amino acid aminotransferase/4-amino-4-deoxychorismate lyase
COG0508,C,"Pyruvate/2-oxoglutarate dehydrogenase complex, dihydrolipoamide acyltransferase (E2) component"
COG0663,R,"Carbonic anhydrase or acetyltransferase, isoleucine patch superfamily"
COG1024,I,Enoyl-CoA hydratase/carnithine racemase
COG1012,C,Acyl-CoA reductase or other NAD-dependent aldehyde dehydrogenase
COG0183,I,Acetyl-CoA acetyltransferase
COG2050,Q,"Acyl-coenzyme A thioesterase PaaI, contains HGG motif"
COG1250,I,3-hydroxyacyl-CoA dehydrogenase
COG2151,O,Metal-sulfur cluster biosynthetic enzyme
COG3396,Q,"1,2-phenylacetyl-CoA epoxidase, catalytic subunit"
COG3460,Q,"1,2-phenylacetyl-CoA epoxidase, PaaB subunit"
COG1018,C,Ferredoxin-NADP reductase
COG1309,K,"DNA-binding transcriptional regulator, AcrR family"
COG3187,O,Heat shock protein HslJ
COG3186,E,Phenylalanine-4-hydroxylase
COG0013,J,Alanyl-tRNA synthetase
COG0739,M,"Murein DD-endopeptidase MepM and murein hydrolase activator NlpD, contain LysM domain"
COG2843,M,"Poly-gamma-glutamate biosynthesis protein CapA/YwtB (capsule formation), metallophosphatase superfamily"
COG0789,K,"DNA-binding transcriptional regulator, MerR family"
COG1704,S,Uncharacterized conserved protein
COG3762,S,Uncharacterized membrane protein
COG1512,S,"Uncharacterized membrane protein YgcG, contains a TPM-fold domain"
COG1160,R,Predicted GTPases
COG3391,R,DNA-binding beta-propeller fold protein YncE
COG1159,J,"GTPase Era, involved in 16S rRNA processing"
COG2885,M,Outer membrane protein OmpA and related peptidoglycan-associated (lipo)proteins
COG1115,E,Na+/alanine symporter
COG0566,J,tRNA G18 (ribose-2'-O)-methylase SpoU
COG2849,V,Antitoxin component YwqK of the YwqJK toxin-antitoxin module
COG3409,M,Peptidoglycan-binding (PGRP) domain of peptidoglycan hydrolases
COG0644,C,Dehydrogenase (flavoprotein)
COG2986,E,Histidine ammonia-lyase
COG1028,IQR,"NAD(P)-dependent dehydrogenase, short-chain alcohol dehydrogenase family"
COG0304,IQ,3-oxoacyl-(acyl-carrier-protein) synthase
COG0236,IQ,Acyl carrier protein
COG4261,R,"Predicted acyltransferase, LPLAT superfamily"
COG0332,I,3-oxoacyl-[acyl-carrier-protein] synthase III
COG0764,I,3-hydroxymyristoyl/3-hydroxydecanoyl-(acyl carrier protein) dehydratase
COG1131,V,"ABC-type multidrug transport system, ATPase component"
COG0842,V,"ABC-type multidrug transport system, permease component"
COG0824,I,Acyl-CoA thioesterase FadM
COG2834,M,Outer membrane lipoprotein-sorting protein
COG0463,M,Glycosyltransferase involved in cell wall bisynthesis
COG4258,R,Predicted exporter
COG1233,Q,Phytoene dehydrogenase-related protein
COG4927,R,Predicted choloylglycine hydrolase
COG1541,H,"Phenylacetate-coenzyme A ligase PaaK, adenylate-forming domain family"
COG0384,R,"Predicted epimerase YddE/YHI9, PhzF superfamily"
COG0784,T,CheY chemotaxis protein or a CheY-like REC (receiver) domain
COG4251,T,Bacteriophytochrome (light-regulated signal transduction histidine kinase)
COG3209,R,"Uncharacterized conserved protein RhaS, contains 28 RHS repeats"
COG1525,L,"Endonuclease YncB, thermonuclease family"
COG1813,J,"Archaeal ribosome-binding protein aMBF1, putative translation factor, contains Zn-ribbon and HTH domains"
COG4974,L,Site-specific recombinase XerD
COG2003,L,"DNA repair protein RadC, contains a helix-hairpin-helix DNA-binding motif"
COG3325,G,"Chitinase, GH18 family"
COG4783,R,"Putative Zn-dependent protease, contains TPR repeats"
COG2244,M,Membrane protein involved in the export of O-antigen and teichoic acid
COG0438,M,Glycosyltransferase involved in cell wall bisynthesis
COG3934,G,"Endo-1,4-beta-mannosidase"
COG5617,S,Uncharacterized membrane protein
COG2819,R,Predicted hydrolase of the alpha/beta superfamily
COG4773,P,Outer membrane receptor for ferric coprogen and ferric-rhodotorulic acid
COG3182,S,Uncharacterized iron-regulated membrane protein
COG2207,K,AraC-type DNA-binding domain and AraC-containing proteins
COG0596,HR,Pimeloyl-ACP methyl ester carboxylesterase
COG0664,T,cAMP-binding domain of CRP or a regulatory subunit of cAMP-dependent protein kinases
COG1304,CIR,"FMN-dependent dehydrogenase, includes L-lactate dehydrogenase and type II isopentenyl diphosphate isomerase"
COG3501,UXR,"Uncharacterized conserved protein, implicated in type VI secretion and phage assembly"
COG4946,S,Uncharacterized N-terminal domain of tricorn protease
COG1610,S,Uncharacterized conserved protein YqeY
COG0206,D,Cell division GTPase FtsZ
COG0849,D,Cell division ATPase FtsA
COG0773,M,UDP-N-acetylmuramate-alanine ligase
COG0707,M,UDP-N-acetylglucosamine:LPS N-acetylglucosamine transferase
COG0772,D,"Bacterial cell division protein FtsW, lipid II flippase"
COG0771,M,UDP-N-acetylmuramoylalanine-D-glutamate ligase
COG0472,M,UDP-N-acetylmuramyl pentapeptide phosphotransferase/UDP-N-acetylglucosamine-1-phosphate transferase
COG0769,M,UDP-N-acetylmuramyl tripeptide synthase
COG0768,DM,Cell division protein FtsI/penicillin-binding protein 2
COG0275,J,16S rRNA C1402 N4-methylase RsmH
COG2001,J,"MraZ, DNA-binding transcriptional regulator and inhibitor of RsmH methyltransferase activity"
COG0218,D,GTP-binding protein EngB required for normal cell division
COG0171,H,NH3-dependent NAD+ synthetase
COG0358,L,DNA primase (bacterial type)
COG3979,G,Chitodextrinase
COG0142,H,Geranylgeranyl pyrophosphate synthase
COG0820,J,Adenine C2-methylase RlmN of 23S rRNA A2503 and tRNA A37
COG0809,J,S-adenosylmethionine:tRNA-ribosyltransferase-isomerase (queuine synthetase)
COG0128,E,5-enolpyruvylshikimate-3-phosphate synthase
COG1694,V,"NTP pyrophosphatase, house-cleaning of non-canonical NTPs"
COG1490,J,D-Tyr-tRNAtyr deacylase
COG1162,J,Putative ribosome biogenesis GTPase RsgA
COG2876,E,3-deoxy-D-arabino-heptulosonate 7-phosphate (DAHP) synthase
COG0287,E,Prephenate dehydrogenase
COG0436,E,Aspartate/methionine/tyrosine aminotransferase
COG0077,E,Prephenate dehydratase
COG0156,H,7-keto-8-aminopelargonate synthetase or related enzyme
COG0451,M,Nucleoside-diphosphate-sugar epimerase
COG1522,K,"DNA-binding transcriptional regulator, Lrp family"
COG0642,T,Signal transduction histidine kinase
COG0685,E,"5,10-methylenetetrahydrofolate reductase"
COG1410,E,"Methionine synthase I, cobalamin-binding domain"
COG0646,E,"Methionine synthase I (cobalamin-dependent), methyltransferase domain"
COG0633,C,Ferredoxin
COG0492,O,Thioredoxin reductase
COG1648,H,Siroheme synthase (precorrin-2 oxidase/ferrochelatase domain)
COG0007,H,Uroporphyrinogen-III methylase (siroheme synthase)
COG0155,P,"Sulfite reductase, beta subunit (hemoprotein)"
COG0464,MDT,"AAA+-type ATPase, SpoVK/Ycf46/Vps4 family"
COG0600,P,"ABC-type nitrate/sulfonate/bicarbonate transport system, permease component"
COG1116,P,"ABC-type nitrate/sulfonate/bicarbonate transport system, ATPase component"
COG3487,S,Uncharacterized iron-regulated protein
COG3488,R,"Uncharacterized conserved protein with two CxxC motifs, DUF1111 family"
COG3489,S,Predicted periplasmic lipoprotein
COG2426,S,Uncharacterized membrane protein
COG3449,L,DNA gyrase inhibitor GyrI
COG0350,L,O6-methylguanine-DNA--protein-cysteine methyltransferase
COG3826,S,Uncharacterized protein
COG3145,L,Alkylated DNA repair dioxygenase AlkB
COG4319,R,Ketosteroid isomerase homolog
COG0583,K,"DNA-binding transcriptional regulator, LysR family"
COG3591,E,V8-like Glu-specific endopeptidase
COG0486,J,tRNA U34 5-carboxymethylaminomethyl modifying GTPase MnmE/TrmE
COG3296,S,"Uncharacterized conserved protein, Tic20 family"
COG0004,P,Ammonia channel protein AmtB
COG0347,TE,Nitrogen regulatory protein PII
COG0069,E,Glutamate synthase domain 2
COG0493,ER,NADPH-dependent glutamate synthase beta chain or related oxidoreductase
COG1385,J,16S rRNA U1498 N3-methylase RsmE
COG0533,J,tRNA A37 threonylcarbamoyltransferase TsaD
COG0205,G,6-phosphofructokinase
COG4757,R,Predicted alpha/beta hydrolase
COG3291,S,PKD repeat
COG3256,P,Nitric oxide reductase large subunit
COG1335,HR,Nicotinamidase-related amidase
COG1942,Q,"Phenylpyruvate tautomerase PptA, 4-oxalocrotonate tautomerase family"
COG1678,K,"Putative transcriptional regulator, AlgH/UPF0301 family"
COG0776,L,Bacterial nucleoid DNA-binding protein
COG0514,L,Superfamily II DNA helicase RecQ
COG3911,R,Predicted ATPase
COG2080,C,"Aerobic-type carbon monoxide dehydrogenase, small subunit, CoxS/CutS family"
COG1529,C,"CO or xanthine dehydrogenase, Mo-binding subunit"
COG1975,O,"Xanthine and CO dehydrogenase maturation factor, XdhC/CoxF family"
COG2068,H,CTP:molybdopterin cytidylyltransferase MocA
COG0766,M,UDP-N-acetylglucosamine enolpyruvyl transferase
COG0542,O,ATP-dependent Clp protease ATP-binding subunit ClpA
COG0188,L,"DNA gyrase/topoisomerase IV, subunit A"
COG0270,L,Site-specific DNA-cytosine methylase
COG1570,L,"Exonuclease VII, large subunit"
COG1020,Q,Non-ribosomal peptide synthetase component F
COG3321,Q,Acyl transferase domain in polyketide synthase (PKS) enzymes
COG3208,Q,Surfactin synthase thioesterase subunit
COG3342,R,"Uncharacterized conserved protein, Ntn-hydrolase superfamily"
COG4680,J,"mRNA-degrading endonuclease (mRNA interferase) HigB, toxic component of the HigAB toxin-antitoxin module"
COG5499,V,"Antitoxin component HigA of the HigAB toxin-antitoxin module, contains an N-terminal HTH domain"
COG4186,R,Calcineurin-like phosphoesterase superfamily protein
COG3401,R,Fibronectin type 3 domain
COG2963,X,Transposase and inactivated derivatives
COG2801,X,Transposase InsO and inactivated derivatives
COG3469,G,Chitinase
COG0488,R,ATPase components of ABC transporters with duplicated ATPase domains
COG0665,E,Glycine/D-amino acid oxidase (deaminating)
COG1262,O,"Formylglycine-generating enzyme, required for sulfatase activity, contains SUMF1/FGE domain"
COG0010,E,Arginase family enzyme
COG0550,L,DNA topoisomerase IA
COG0621,J,tRNA A37 methylthiotransferase MiaB
COG2204,T,"DNA-binding transcriptional response regulator, NtrC family, contains REC, AAA-type ATPase, and a Fis-type DNA-binding domains"
COG0234,O,Co-chaperonin GroES (HSP10)
COG0459,O,Chaperonin GroEL (HSP60 family)
COG3800,R,Predicted transcriptional regulator
COG2225,C,Malate synthase
COG2224,C,Isocitrate lyase
COG2173,M,D-alanyl-D-alanine dipeptidase
COG1956,VT,"GAF domain-containing protein, putative methionine-R-sulfoxide reductase"
COG1087,M,UDP-glucose 4-epimerase
COG0760,O,Parvulin-like peptidyl-prolyl isomerase
COG3714,S,Uncharacterized membrane protein YhhN
COG1253,R,"Hemolysin or related protein, contains CBS domains"
COG1521,H,Pantothenate kinase type III
COG0044,F,Dihydroorotase or related cyclic amidohydrolase
COG1587,H,Uroporphyrinogen-III synthase
COG1866,C,"Phosphoenolpyruvate carboxykinase, ATP-dependent"
COG2363,S,"Uncharacterized membrane protein YgdD, TMEM256/DUF423 family"
COG1748,E,"Saccharopine dehydrogenase, NADP-dependent"
COG2738,O,Zn-dependent membrane protease YugP
COG0686,E,Alanine dehydrogenase
COG4095,S,"Uncharacterized conserved protein, contains PQ loop repeat"
COG0495,J,Leucyl-tRNA synthetase
COG1893,H,Ketopantoate reductase
COG2177,D,Cell division protein FtsX
COG0682,M,Prolipoprotein diacylglyceryltransferase
COG1968,I,Undecaprenyl pyrophosphate phosphatase UppP
COG0130,J,"tRNA U55 pseudouridine synthase TruB, may also work on U342 of tmRNA"
COG2818,L,3-methyladenine DNA glycosylase Tag
COG0035,F,Uracil phosphoribosyltransferase
COG2360,O,Leu/Phe-tRNA-protein transferase
COG1853,C,"NADH-FMN oxidoreductase RutF, flavin reductase (DIM6/NTAB) family"
COG0537,FGR,Diadenosine tetraphosphate (Ap4A) hydrolase or other HIT family hydrolase
COG0782,K,"Transcription elongation factor, GreA/GreB family"
COG1060,H,"2-iminoacetate synthase ThiH (tyrosine cleavage enzyme, thamine biosynthesis)"
COG2022,H,"Thiamin biosynthesis thiazole synthase ThiGH, ThiG subunit"
COG0352,H,Thiamine monophosphate synthase
COG0351,H,Hydroxymethylpyrimidine/phosphomethylpyrimidine kinase
COG0422,H,Thiamine biosynthesis protein ThiC
COG1186,J,Protein chain release factor B
COG3172,H,Nicotinamide riboside kinase
COG3201,H,Nicotinamide riboside transporter PnuC
COG2091,H,Phosphopantetheinyl transferase
COG0499,H,S-adenosylhomocysteine hydrolase
COG0211,J,Ribosomal protein L27
COG0261,J,Ribosomal protein L21
COG0697,GER,Permease of the drug/metabolite transporter (DMT) superfamily
COG0629,L,Single-stranded DNA-binding protein
COG1194,L,"Adenine-specific DNA glycosylase, acts on AG and A-oxoG pairs"
COG1530,J,Ribonuclease G or E
COG2137,O,"SOS response regulatory protein OraA/RecX, interacts with RecA"
COG0793,O,"C-terminal processing protease CtpA/Prc, contains a PDZ domain"
COG0502,H,Biotin synthase or related enzyme
COG0161,H,Adenosylmethionine-8-amino-7-oxononanoate aminotransferase
COG0132,H,Dethiobiotin synthetase
COG1506,E,Dipeptidyl aminopeptidase/acylaminoacyl peptidase
COG0355,C,"FoF1-type ATP synthase, epsilon subunit"
COG0055,C,"FoF1-type ATP synthase, beta subunit"
COG0449,M,"Glucosamine 6-phosphate synthetase, contains amidotransferase and phosphosugar isomerase domains"
COG0297,G,Glycogen synthase
COG0414,H,Panthothenate synthetase
COG0853,H,Aspartate 1-decarboxylase
COG0392,S,"Uncharacterized membrane protein YbhN, UPF0104 family"
COG1066,O,Predicted ATP-dependent serine protease
COG0667,R,Predicted oxidoreductase (related to aryl-alcohol dehydrogenase)
COG0456,J,Ribosomal protein S18 acetylase RimI and related acetyltransferases
COG0534,V,Na+-driven multidrug efflux pump
COG0720,H,6-pyruvoyl-tetrahydropterin synthase
COG2908,M,"UDP-2,3-diacylglucosamine pyrophosphatase LpxH"
COG3842,E,"ABC-type Fe3+/spermidine/putrescine transport systems, ATPase components"
COG1505,E,"Prolyl oligopeptidase PreP, S9A serine peptidase family"
COG0136,E,Aspartate-semialdehyde dehydrogenase
COG1970,M,Large-conductance mechanosensitive channel
COG0787,M,Alanine racemase
COG1435,F,Thymidine kinase
COG0313,J,16S rRNA C1402 (ribose-2'-O) methylase RsmI
COG2128,P,"Alkylhydroperoxidase family enzyme, contains CxxC motif"
COG0608,L,"Single-stranded DNA-specific exonuclease, DHH superfamily, may be involved in archaeal DNA replication intiation"
COG2175,Q,"Taurine dioxygenase, alpha-ketoglutarate-dependent"
COG1271,C,"Cytochrome bd-type quinol oxidase, subunit 1"
COG1294,C,"Cytochrome bd-type quinol oxidase, subunit 2"
COG2350,R,"Uncharacterized conserved protein YciI, contains a putative active-site phosphohistidine"
COG3525,G,N-acetyl-beta-hexosaminidase
COG2971,G,"BadF-type ATPase, related to human N-acetylglucosamine kinase"
COG0363,G,6-phosphogluconolactonase/Glucosamine-6-phosphate isomerase/deaminase
COG0591,E,Na+/proline symporter
COG4299,R,Predicted acyltransferase
COG1360,N,Flagellar motor protein MotB
COG2860,S,Uncharacterized membrane protein YeiH
COG1983,KT,Phage shock protein PspC (stress-responsive transcriptional regulator)
COG1695,K,"DNA-binding transcriptional regulator, PadR family"
COG2013,S,"Uncharacterized conserved protein, AIM24 family"
COG1721,S,"Uncharacterized conserved protein, DUF58 family, contains vWF domain"
COG0714,R,MoxR-like ATPase
COG1300,D,"Uncharacterized membrane protein SpoIIM, required for sporulation"
COG1714,S,"Uncharacterized membrane protein YckC, RDD family"
COG0652,O,Peptidyl-prolyl cis-trans isomerase (rotamase) - cyclophilin family
COG0494,V,"8-oxo-dGTP pyrophosphatase MutT and related house-cleaning NTP pyrophosphohydrolases, NUDIX family"
COG0204,I,1-acyl-sn-glycerol-3-phosphate acyltransferase
COG1252,C,"NADH dehydrogenase, FAD-containing subunit"
COG2032,P,Cu/Zn superoxide dismutase
COG1765,R,Uncharacterized OsmC-related protein
COG2982,M,Uncharacterized protein involved in outer membrane biogenesis
COG1738,S,"Uncharacterized PurR-regulated membrane protein YhhQ, DUF165 family"
COG1428,F,Deoxyadenosine/deoxycytidine kinase
COG0249,L,DNA mismatch repair ATPase MutS
COG1053,C,"Succinate dehydrogenase/fumarate reductase, flavoprotein subunit"
COG4638,PR,"Phenylpropionate dioxygenase or related ring-hydroxylating dioxygenase, large terminal subunit"
COG0518,F,GMP synthase - Glutamine amidotransferase domain
COG2273,G,"Beta-glucanase, GH16 family"
COG1404,O,"Serine protease, subtilisin family"
COG1357,S,"Uncharacterized protein YjbI, contains pentapeptide repeats"
COG0778,C,Nitroreductase
COG2852,L,Very-short-patch-repair endonuclease
COG2932,X,"Phage repressor protein C, contains Cro/C1-type HTH and peptisase s24 domains"
COG4850,I,Phosphatidate phosphatase APP1
COG3808,C,Na+ or H+-translocating membrane pyrophosphatase
COG0221,CP,Inorganic pyrophosphatase
COG2086,C,"Electron transfer flavoprotein, alpha and beta subunits"
COG2025,C,"Electron transfer flavoprotein, alpha subunit"
COG1259,R,Bifunctional DNase/RNase
COG1972,F,Nucleoside permease NupC
COG0207,F,Thymidylate synthase
COG0810,M,"Periplasmic protein TonB, links inner and outer membranes"
COG4301,R,"Uncharacterized conserved protein, contains predicted SAM-dependent methyltransferase domain"
COG2343,S,"Uncharacterized conserved protein, DUF427 family"
COG0031,E,Cysteine synthase
COG0520,E,Selenocysteine lyase/Cysteine desulfurase
COG0262,H,Dihydrofolate reductase
COG3001,G,Fructosamine-3-kinase
COG0331,I,Malonyl CoA-acyl carrier protein transacylase
COG2949,M,"Uncharacterized periplasmic protein SanA, affects membrane permeability for vancomycin"
COG1171,E,Threonine dehydratase
COG1228,Q,Imidazolonepropionase or related amidohydrolase
COG1352,NT,Methylase of chemotaxis methyl-accepting proteins
COG0553,KL,"Superfamily II DNA or RNA helicase, SNF2 family"
COG0399,M,"dTDP-4-amino-4,6-dideoxygalactose transaminase"
COG1519,M,3-deoxy-D-manno-octulosonic-acid transferase
COG5587,S,"Uncharacterized conserved protein, DUF2461 family"
COG3439,S,"Uncharacterized conserved protein, DUF302 family"
COG3503,S,Uncharacterized membrane protein
COG0192,H,S-adenosylmethionine synthetase
COG2873,E,"O-acetylhomoserine/O-acetylserine sulfhydrylase, pyridoxal phosphate-dependent"
COG2021,E,Homoserine acetyltransferase
COG0527,E,Aspartokinase
COG0626,E,Cystathionine beta-lyase/cystathionine gamma-synthase
COG3205,S,Uncharacterized membrane protein
COG0175,EH,3'-phosphoadenosine 5'-phosphosulfate sulfotransferase (PAPS reductase)/FAD synthetase or related enzyme
COG1943,X,REP element-mobilizing transposase RayT
COG2804,NUW,Type II secretory pathway ATPase GspE/PulE or T4P pilus assembly pathway ATPase PilB
COG1450,U,Type II secretory pathway component GspD/PulD (secretin)
COG1459,NUW,"Type II secretory pathway, component PulF"
COG3274,M,"Surface polysaccharide O-acyltransferase, integral membrane enzyme"
COG1100,R,GTPase SAR1 family domain
COG0158,G,"Fructose-1,6-bisphosphatase"
COG3176,R,Putative hemolysin
COG0394,T,Protein-tyrosine-phosphatase
COG1247,E,L-amino acid N-acyltransferase YncA
COG0640,K,"DNA-binding transcriptional regulator, ArsR family"
COG2314,S,"Uncharacterized membrane protein YozV, TM2 domain"
COG3152,S,"Uncharacterized membrane protein YhaH, DUF805 family"
COG0346,Q,"Catechol 2,3-dioxygenase or other lactoylglutathione lyase family enzyme"
COG2909,K,"ATP-, maltotriose- and DNA-dependent transcriptional regulator MalT"
COG4339,R,"Predicted metal-dependent phosphohydrolase, HD superfamily"
COG0111,HR,Phosphoglycerate dehydrogenase or related dehydrogenase
COG0500,QR,SAM-dependent methyltransferase
COG2239,P,Mg/Co/Ni transporter MgtE (contains CBS domain)
COG0030,J,16S rRNA A1518 and A1519 N6-dimethyltransferase RsmA/KsgA/DIM1 (may also have DNA glycosylase/AP lyase activity)
COG5010,UW,"Flp pilus assembly protein TadD, contains TPR repeats"
COG0172,J,Seryl-tRNA synthetase
COG0196,H,FAD synthase
COG0193,J,Peptidyl-tRNA hydrolase
COG1825,J,Ribosomal protein L25 (general stress protein Ctc)
COG0462,FE,Phosphoribosylpyrophosphate synthetase
COG4823,V,Abortive infection bacteriophage resistance protein
COG3505,U,"Type IV secretory pathway, VirD4 component, TraG/TraD family ATPase"
COG1484,L,DNA replication protein DnaC
COG0515,T,Serine/threonine protein kinase
COG2259,S,"Uncharacterized membrane protein YphA, DoxX/SURF4 family"
COG1182,C,FMN-dependent NADH-azoreductase
COG0076,E,Glutamate or tyrosine decarboxylase or a related PLP-dependent protein
COG1917,R,Cupin domain protein related to quercetin dioxygenase
COG0735,P,Fe2+ or Zn2+ uptake regulation protein
COG2131,F,Deoxycytidylate deaminase
COG2095,E,"Small neutral amino acid transporter SnatA, MarC family"
COG0208,F,"Ribonucleotide reductase beta subunit, ferritin-like domain"
COG0209,F,Ribonucleotide reductase alpha subunit
COG0232,F,dGTP triphosphohydrolase
COG3193,S,"Uncharacterized conserved protein GlcG, DUF336 family"
COG0580,G,Glycerol uptake facilitator and related aquaporins (Major Intrinsic Protein Family)
COG1154,HI,Deoxyxylulose-5-phosphate synthase
COG0590,J,tRNA(Arg) A34 adenosine deaminase TadA
COG2905,T,"Signal-transduction protein containing cAMP-binding, CBS, and nucleotidyltransferase domains"
COG0847,L,"DNA polymerase III, epsilon subunit or related 3'-5' exonuclease"
COG1278,K,"Cold shock protein, CspA family"
COG0038,P,H+/Cl- antiporter ClcA
COG0173,J,Aspartyl-tRNA synthetase
COG3920,T,"Two-component sensor histidine kinase, HisKA and HATPase domains"
COG3600,X,Uncharacterized phage-associated protein
COG3177,K,Fic family protein
COG1858,O,Cytochrome c peroxidase
COG1114,E,Branched-chain amino acid permeases
COG0611,H,Thiamine monophosphate kinase
COG5276,S,Uncharacterized conserved protein
COG0316,O,Fe-S cluster assembly iron-binding protein IscA
COG0719,O,Fe-S cluster assembly scaffold protein SufB
COG0396,O,Fe-S cluster assembly ATPase SufC
COG2166,O,"Sulfur transfer protein SufE, Fe-S center assembly"
COG2764,R,"Uncharacterized conserved protein PhnB, glyoxalase superfamily"
COG0006,E,Xaa-Pro aminopeptidase
COG4753,TK,"Two-component response regulator, YesN/AraC family, consists of REC and AraC-type DNA-binding domains"
COG0469,G,Pyruvate kinase
COG0571,K,dsRNA-specific ribonuclease
COG0299,F,Folate-dependent phosphoribosylglycinamide formyltransferase PurN
COG3341,R,"RNase HI-related protein, contains viroplasmin and RNaseH domains"
COG0524,G,"Sugar or nucleoside kinase, ribokinase family"
COG0034,F,Glutamine phosphoribosylpyrophosphate amidotransferase
COG0605,P,Superoxide dismutase
COG1074,L,ATP-dependent exoDNAse (exonuclease V) beta subunit (contains helicase and exonuclease domains)
COG3857,L,ATP-dependent helicase/DNAse subunit B
COG1207,M,"Bifunctional protein GlmU, N-acetylglucosamine-1-phosphate-uridyltransferase/glucosamine-1-phosphate-acetyltransferase"
COG0432,H,"Thiamin phosphate synthase YjbQ, UPF0047 family"
COG0561,HR,Hydroxymethylpyrimidine pyrophosphatase and other HAD family phosphatases
COG1234,J,"Ribonuclease BN, tRNA processing enzyme"
COG0481,J,"Translation elongation factor EF-4, membrane-bound GTPase"
COG0042,J,tRNA-dihydrouridine synthase
COG4591,M,"ABC-type transport system, involved in lipoprotein release, permease component"
COG0858,J,Ribosome-binding factor A
COG0307,H,Riboflavin synthase alpha chain
COG1995,H,4-hydroxy-L-threonine phosphate dehydrogenase PdxA
COG1399,S,"Uncharacterized metal-binding protein YceD, DUF177 family"
COG0511,HI,Biotin carboxyl carrier protein
COG0439,I,Biotin carboxylase
COG0744,M,Membrane carboxypeptidase (penicillin-binding protein)
COG0587,L,"DNA polymerase III, alpha subunit"
COG0389,L,Nucleotidyltransferase/DNA polymerase involved in DNA repair
COG2103,M,N-acetylmuramic acid 6-phosphate (MurNAc-6-P) etherase
COG1878,E,Kynurenine formamidase
COG1607,I,Acyl-CoA hydrolase
COG1322,L,DNA anti-recombination protein (rearrangement mutator) RmuC
COG1120,PH,"ABC-type cobalamin/Fe3+-siderophores transport system, ATPase component"
COG1277,O,"ABC-type transport system involved in multi-copper enzyme maturation, permease component"
COG1359,C,Quinol monooxygenase YgiN
COG1912,H,S-adenosylmethionine hydrolase (SAM-hydroxide adenosyltransferase)
COG1702,T,"Phosphate starvation-inducible protein PhoH, predicted ATPase"
COG0152,F,Phosphoribosylaminoimidazole-succinocarboxamide synthase
COG4447,R,Uncharacterized protein related to plant photosystem II stability/assembly factor
COG1801,S,"Uncharacterized conserved protein YecE, DUF72 family"
COG0513,L,Superfamily II DNA and RNA helicase
COG2234,O,"Zn-dependent amino- or carboxypeptidase, M28 family"
COG2120,G,"N-acetylglucosaminyl deacetylase, LmbE family"
COG0450,V,Alkyl hydroperoxide reductase subunit AhpC (peroxiredoxin)
COG0526,O,Thiol-disulfide isomerase or thioredoxin
COG2077,O,Peroxiredoxin
COG0818,I,Diacylglycerol kinase
COG1674,D,DNA segregation ATPase FtsK/SpoIIIE and related proteins
COG0795,MN,"Lipopolysaccharide export LptBFGC system, permease protein LptF"
COG0108,H,"3,4-dihydroxy-2-butanone 4-phosphate synthase"
COG2838,C,Monomeric isocitrate dehydrogenase
COG0335,J,Ribosomal protein L19
COG3712,PT,"Periplasmic ferric-dicitrate binding protein FerR, regulates iron transport through sigma-19"
COG0471,G,Di- and tricarboxylate transporter
COG0336,J,tRNA G37 N-methylase TrmD
COG0057,G,Glyceraldehyde-3-phosphate dehydrogenase/erythrose-4-phosphate dehydrogenase
COG0265,O,"Periplasmic serine protease, S1-C subfamily, contain C-terminal PDZ domain"
COG0253,E,Diaminopimelate epimerase
COG1559,D,"Cell division protein YceG, involved in septum cleavage"
COG0593,L,Chromosomal replication initiation ATPase DnaA
COG1739,R,"Putative translation regulator, IMPACT (imprinted ancient) protein family"
COG1011,H,"FMN phosphatase YigB, HAD superfamily"
COG0117,H,Pyrimidine deaminase domain of riboflavin biosynthesis protein RibD
COG2890,J,Methylase of polypeptide chain release factors
COG1611,R,Predicted Rossmann fold nucleotide-binding protein
COG0272,L,NAD-dependent DNA ligase
COG0329,EM,Dihydrodipicolinate synthase/N-acetylneuraminate lyase
COG1729,R,Periplasmic TolA-binding protein (function unknown)
COG0452,H,Phosphopantothenoylcysteine synthetase/decarboxylase
COG0497,L,DNA repair ATPase RecN
COG0623,I,Enoyl-[acyl-carrier-protein] reductase (NADH)
COG1215,N,"Glycosyltransferase, catalytic subunit of cellulose synthase and poly-beta-1,6-N-acetylglucosamine synthase"
COG4856,S,"Uncharacterized protein, YbbR domain"
COG0237,H,Dephospho-CoA kinase
COG0745,TK,"DNA-binding response regulator, OmpR family, contains REC and winged-helix (wHTH) domain"
COG0324,J,tRNA A37 N6-isopentenylltransferase MiaA
COG1226,P,Voltage-gated potassium channel Kch
COG2176,L,"DNA polymerase III, alpha subunit (gram-positive type)"
COG0325,R,"Uncharacterized pyridoxal phosphate-containing protein, affects Ilv metabolism, UPF0001 family"
COG4198,S,"Uncharacterized conserved protein, DUF1015 family"
COG0673,R,Predicted dehydrogenase
COG2518,O,Protein-L-isoaspartate O-methyltransferase
COG0691,O,tmRNA-binding protein
COG0406,G,Broad specificity phosphatase PhoE
COG1200,L,RecG-like helicase
COG0308,E,Aminopeptidase N
COG4667,I,"Predicted phospholipase, patatin/cPLA2 family"
COG1473,R,Metal-dependent amidase/aminoacylase/carboxypeptidase
COG1416,P,"Intracellular sulfur oxidation protein, DsrE/DsrF family"
COG0210,L,Superfamily I DNA or RNA helicase
COG0009,J,tRNA A37 threonylcarbamoyladenosine synthetase subunit TsaC/SUA5/YrdC
COG5285,Q,"Ectoine hydroxylase-related dioxygenase, phytanoyl-CoA dioxygenase (PhyH) family"
COG2162,Q,Arylamine N-acetyltransferase
COG2720,V,"Vancomycin resistance protein YoaR (function unknown), contains peptidoglycan-binding and VanW domains"
COG1733,K,"DNA-binding transcriptional regulator, HxlR family"
COG0388,R,Predicted amidohydrolase
COG1881,R,"Uncharacterized conserved protein, phosphatidylethanolamine-binding protein (PEBP) family"
COG3448,T,CBS-domain-containing membrane protein
COG1017,C,Hemoglobin-like flavoprotein
COG1794,M,Aspartate/glutamate racemase
COG2226,H,Ubiquinone/menaquinone biosynthesis C-methylase UbiE
COG2820,F,Uridine phosphorylase
COG0023,J,Translation initiation factor 1 (eIF-1/SUI1)
COG3491,Q,Isopenicillin N synthase and related dioxygenases
COG0677,M,UDP-N-acetyl-D-mannosaminuronate dehydrogenase
COG1045,E,Serine acetyltransferase
COG1696,M,"D-alanyl-lipoteichoic acid acyltransferase DltB, MBOAT superfamily"
COG0367,E,Asparagine synthetase B (glutamine-hydrolyzing)
COG3420,P,"Nitrous oxidase accessory protein NosD, contains tandem CASH domains"
COG2148,M,"Sugar transferase involved in LPS biosynthesis (colanic, teichoic acid)"
COG0110,R,Acetyltransferase (isoleucine patch superfamily)
COG1086,MO,"NDP-sugar epimerase, includes UDP-GlcNAc-inverting 4,6-dehydratase FlaA1 and capsular polysaccharide biosynthesis protein EpsC"
COG1596,M,"Periplasmic protein involved in polysaccharide export, contains SLBB domain of the beta-grasp fold"
COG0489,D,"Chromosome partitioning ATPase, Mrp family, contains Fe-S cluster"
COG4464,T,Tyrosine-protein phosphatase YwqE
COG0466,O,"ATP-dependent Lon protease, bacterial type"
COG0040,E,ATP phosphoribosyltransferase
COG0141,E,Histidinol dehydrogenase
COG0079,E,Histidinol-phosphate/aromatic aminotransferase or cobyric acid decarboxylase
COG0131,E,Imidazoleglycerol phosphate dehydratase HisB
COG0118,E,Imidazoleglycerol phosphate synthase glutamine amidotransferase subunit HisH
COG0106,E,Phosphoribosylformimino-5-aminoimidazole carboxamide ribonucleotide (ProFAR) isomerase
COG0107,E,Imidazole glycerol phosphate synthase subunit HisF
COG0139,E,Phosphoribosyl-AMP cyclohydrolase
COG0539,J,Ribosomal protein S1
COG3564,S,"Uncharacterized conserved protein, DUF779 family"
COG2065,F,Pyrimidine operon attenuation protein/uracil phosphoribosyltransferase
COG0540,F,"Aspartate carbamoyltransferase, catalytic chain"
COG4232,O,Thiol:disulfide interchange protein
COG0259,H,Pyridoxine/pyridoxamine 5'-phosphate oxidase
COG2062,T,Phosphohistidine phosphatase SixA
COG0855,P,Polyphosphate kinase
COG0248,FTP,Exopolyphosphatase/pppGpp-phosphohydrolase
COG0019,E,Diaminopimelate decarboxylase
COG2346,P,Truncated hemoglobin YjbI
COG0179,Q,"2-keto-4-pentenoate hydratase/2-oxohepta-3-ene-1,7-dioic acid hydratase (catechol pathway)"
COG0112,E,Glycine/serine hydroxymethyltransferase
COG0597,MU,Lipoprotein signal peptidase
COG1249,C,"Pyruvate/2-oxoglutarate dehydrogenase complex, dihydrolipoamide dehydrogenase (E3) component or related enzyme"
COG1132,V,"ABC-type multidrug transport system, ATPase and permease component"
COG1988,R,"Membrane-bound metal-dependent hydrolase YbcI, DUF457 family"
COG1432,S,"Uncharacterized conserved protein, LabA/DUF88 family"
COG0431,C,NAD(P)H-dependent FMN reductase
COG0147,EH,Anthranilate/para-aminobenzoate synthases component I
COG0037,J,tRNA(Ile)-lysidine synthase TilS/MesJ
COG2936,R,Predicted acyl esterase
COG4805,S,"Uncharacterized conserved protein, DUF885 familyt"
COG1649,S,"Uncharacterized lipoprotein YddW, UPF0748 family"
COG2274,V,"ABC-type bacteriocin/lantibiotic exporters, contain an N-terminal double-glycine peptidase domain"
COG0366,G,Glycosidase
COG1609,K,"DNA-binding transcriptional regulator, LacI/PurR family"
COG2211,G,Na+/melibiose symporter or related transporter
COG0637,GR,"Beta-phosphoglucomutase or related phosphatase, HAD superfamily"
COG1554,G,Trehalose and maltose hydrolase (possible phosphorylase)
COG5642,S,"Uncharacterized conserved protein, DUF2384 family"
COG5654,S,"Uncharacterized conserved protein, contains RES domain"
COG3590,O,Predicted metalloendopeptidase
COG0606,O,Predicted ATPase with chaperone activity
COG1914,P,Mn2+ and Fe2+ transporters of the NRAMP family
COG1540,R,Lactam utilization protein B (function unknown)
COG2049,E,Allophanate hydrolase subunit 1
COG1984,E,Allophanate hydrolase subunit 2
COG0129,EG,Dihydroxyacid dehydratase/phosphogluconate dehydratase
COG0028,EH,Acetolactate synthase large subunit or other thiamine pyrophosphate-requiring enzyme
COG0440,E,"Acetolactate synthase, small subunit"
COG0059,EH,Ketol-acid reductoisomerase
COG0137,E,Argininosuccinate synthase
COG0002,E,N-acetyl-gamma-glutamylphosphate reductase
COG0345,E,Pyrroline-5-carboxylate reductase
COG4992,E,Acetylornithine/succinyldiaminopimelate/putrescine aminotransferase
COG0014,E,Gamma-glutamyl phosphate reductase
COG0263,E,Glutamate 5-kinase
COG0078,E,Ornithine carbamoyltransferase
COG0548,E,Acetylglutamate kinase
COG0624,E,Acetylornithine deacetylase/Succinyl-diaminopimelate desuccinylase or related deacylase
COG0165,E,Argininosuccinate lyase
COG4799,I,"Acetyl-CoA carboxylase, carboxyltransferase component"
COG4770,I,"Acetyl/propionyl-CoA carboxylase, alpha subunit"
COG3437,T,"Response regulator c-di-GMP phosphodiesterase, RpfG family, contains REC and HD-GYP domains"
COG2201,NT,"Chemotaxis response regulator CheB, contains REC and protein-glutamate methylesterase domains"
COG1301,C,Na+/H+-dicarboxylate symporter
COG0400,R,Predicted esterase
COG3602,S,Uncharacterized protein
COG1049,C,Aconitase B
COG3485,Q,"Protocatechuate 3,4-dioxygenase beta subunit"
COG1280,E,Threonine/homoserine/homoserine lactone efflux protein
COG3668,X,Plasmid stabilization system protein ParE
COG3609,K,"Transcriptional regulator, contains Arc/MetJ-type RHH (ribbon-helix-helix) DNA-binding domain"
COG3666,X,Transposase
COG3547,X,Transposase
COG3320,Q,Thioester reductase domain of alpha aminoadipate reductase Lys2 and NRPSs
COG0250,K,Transcription antitermination factor NusG
COG1816,F,Adenosine deaminase
COG1957,F,Inosine-uridine nucleoside N-ribohydrolase
COG4221,C,NADP-dependent 3-hydroxy acid dehydrogenase YdfG
COG0125,F,Thymidylate kinase
COG0369,P,"Sulfite reductase, alpha subunit (flavoprotein)"
COG4278,S,Uncharacterized protein
COG4264,P,Siderophore synthetase component
COG3486,Q,Lysine/ornithine N-monooxygenase
COG0716,C,Flavodoxin
COG5266,R,"Uncharacterized conserved protein, contains GH25 family domain"
COG4693,P,"Oxidoreductase (NAD-binding), involved in siderophore biosynthesis"
COG3206,M,Uncharacterized protein involved in exopolysaccharide biosynthesis
COG1817,R,Predicted glycosyltransferase
COG2348,M,Lipid II:glycine glycyltransferase (Peptidoglycan interpeptide bridge formation enzyme)
COG0189,HJ,"Glutathione synthase/RimK-type ligase, ATP-grasp superfamily"
COG2335,R,Uncaracterized surface protein containing fasciclin (FAS1) repeats
COG0791,M,"Cell wall-associated hydrolase, NlpC family"
COG3975,R,"Predicted metalloprotease, contains C-terminal PDZ domain"
COG1051,F,"ADP-ribose pyrophosphatase YjhB, NUDIX family"
COG0516,F,IMP dehydrogenase/GMP reductase
COG1492,H,Cobyric acid synthase
COG1270,H,Cobalamin biosynthesis protein CobD/CbiB
COG3411,C,(2Fe-2S) ferredoxin
COG2138,H,Sirohydrochlorin ferrochelatase
COG0790,T,TPR repeat
COG4538,S,Uncharacterized protein
COG3832,S,"Uncharacterized conserved protein YndB, AHSA1/START domain"
COG1429,H,"Cobalamin biosynthesis protein CobN, Mg-chelatase"
COG1797,H,"Cobyrinic acid a,c-diamide synthase"
COG1239,H,Mg-chelatase subunit ChlI
COG2827,L,"Predicted endonuclease, GIY-YIG superfamily"
COG2755,E,Lysophospholipase L1 or related esterase
COG1038,C,Pyruvate carboxylase
COG4663,Q,"TRAP-type mannitol/chloroaromatic compound transport system, periplasmic component"
COG4664,Q,"TRAP-type mannitol/chloroaromatic compound transport system, large permease component"
COG4665,Q,"TRAP-type mannitol/chloroaromatic compound transport system, small permease component"
COG3022,P,"Cytoplasmic iron level regulating protein YaaA, DUF328/UPF0246 family"
COG0564,J,"Pseudouridylate synthase, 23S rRNA- or tRNA-specific"
COG2815,M,"PASTA domain, binds beta-lactams"
COG1181,MR,D-alanine-D-alanine ligase and related ATP-grasp enzymes
COG0669,H,Phosphopantetheine adenylyltransferase
COG3708,K,"Predicted transcriptional regulator YdeE, contains AraC-type DNA-binding domain"
COG0659,P,"Sulfate permease or related transporter, MFS superfamily"
COG3858,D,Spore germination protein YaaH
COG1652,S,"Nucleoid-associated protein YgaU, contains BON and LysM domains"
COG0461,F,Orotate phosphoribosyltransferase
COG0340,H,Biotin-(acetyl-CoA carboxylase) ligase
COG0799,J,"Ribosomal silencing factor RsfS, regulates association of 30S and 50S subunits"
COG0465,O,ATP-dependent Zn proteases
COG1556,C,"L-lactate utilization protein LutC, contains LUD domain"
COG0575,I,CDP-diglyceride synthetase
COG0688,I,Phosphatidylserine decarboxylase
COG0525,J,Valyl-tRNA synthetase
COG0812,M,UDP-N-acetylenolpyruvoylglucosamine reductase
COG0320,H,Lipoate synthase
COG1663,M,Tetraacyldisaccharide-1-P 4'-kinase
COG0327,H,"Putative GTP cyclohydrolase 1 type 2, NIF3 family"
COG1579,R,"Predicted  nucleic acid-binding protein, contains Zn-ribbon domain"
COG0268,J,Ribosomal protein S20
COG0442,J,Prolyl-tRNA synthetase
COG0302,H,GTP cyclohydrolase I
COG0215,J,Cysteinyl-tRNA synthetase
COG0216,J,Protein chain release factor A
COG3104,E,Dipeptide/tripeptide permease
COG0225,O,Peptide methionine sulfoxide reductase MsrA
COG0150,F,Phosphoribosylaminoimidazole (AIR) synthetase
COG1462,M,Curli biogenesis system outer membrane secretion channel CsgG
COG3968,E,Glutamine synthetase type III
COG0174,E,Glutamine synthetase
COG0530,P,Ca2+/Na+ antiporter
COG0503,F,Adenine/guanine phosphoribosyltransferase or related PRPP-binding protein
COG2825,MO,"Periplasmic chaperone for outer membrane proteins, Skp family"
COG1197,LK,Transcription-repair coupling factor (superfamily II helicase)
COG0792,L,Predicted endonuclease distantly related to archaeal Holliday junction resolvase
COG1619,M,Muramoyltetrapeptide carboxypeptidase LdcA (peptidoglycan recycling)
COG5267,S,"Uncharacterized conserved protein, DUF1800 family"
COG4102,S,"Uncharacterized conserved protein, DUF1501 family"
COG0143,J,Methionyl-tRNA synthetase
COG0123,BQ,Acetoin utilization deacetylase AcuC or a related deacetylase
COG0517,T,CBS domain
COG0479,C,"Succinate dehydrogenase/fumarate reductase, Fe-S protein subunit"
COG2954,R,"CYTH domain, found in class IV adenylate cyclase and various triphosphatases"
COG4953,M,Membrane carboxypeptidase/penicillin-binding protein PbpC
COG0737,FV,"2',3'-cyclic-nucleotide 2'-phosphodiesterase/5'- or 3'-nucleotidase, 5'-nucleotidase family"
COG2329,H,Heme-degrading monooxygenase HmoA and related ABM domain proteins
COG2373,R,"Uncharacterized conserved protein YfaS, alpha-2-macroglobulin family"
COG1446,E,"Isoaspartyl peptidase or L-asparaginase, Ntn-hydrolase superfamily"
COG4916,S,Uncharacterized protein
COG1418,JR,"HD superfamily phosphodieaserase, includes HD domain of RNase Y"
COG0484,O,DnaJ-class molecular chaperone with C-terminal Zn finger domain
COG0370,P,Fe2+ transport system protein B
COG0750,OK,"Membrane-associated protease RseP, regulator of RpoE activity"
COG2367,V,Beta-lactamase class A
COG4977,K,"Transcriptional regulator GlxA family, contains an amidase domain and an AraC-type DNA-binding HTH domain"
COG0823,U,Periplasmic component of the Tol biopolymer transport system
COG0506,E,Proline dehydrogenase
COG0693,R,Putative intracellular protease/amidase
COG0628,R,Predicted PurR-regulated permease PerM
COG5429,S,Uncharacterized protein
COG0592,L,"DNA polymerase III sliding clamp (beta) subunit, PCNA homolog"
COG0609,P,"ABC-type Fe3+-siderophore transport system, permease component"
COG0614,P,"ABC-type Fe3+-hydroxamate transport system, periplasmic component"
COG0368,H,Cobalamin synthase
COG2038,H,NaMN:DMB phosphoribosyltransferase
COG2087,H,Adenosyl cobinamide kinase/adenosyl cobinamide phosphate guanylyltransferase
COG0015,F,Adenylosuccinate lyase
COG0846,O,"NAD-dependent protein deacetylase, SIR2 family"
COG3119,P,Arylsulfatase A or related enzyme
COG1960,I,Acyl-CoA dehydrogenase related to the alkylation response protein AidB
COG3755,S,"Uncharacterized conserved protein YecT, DUF1311 family"
COG0523,R,"GTPase, G3E family"
COG0657,I,Acetyl esterase/lipase
COG3483,E,"Tryptophan 2,3-dioxygenase (vermilion)"
COG3228,T,"Mlc titration factor MtfA, regulates ptsG expression"
COG0670,R,"Integral membrane protein, interacts with FtsH"
COG0036,G,Pentose-5-phosphate-3-epimerase
COG0568,K,"DNA-directed RNA polymerase, sigma subunit (sigma70/sigma32)"
COG1770,E,Protease II
COG2312,Q,Erythromycin esterase homolog
COG0113,H,"Delta-aminolevulinic acid dehydratase, porphobilinogen synthase"
COG4654,C,Cytochrome c551/c552
COG2318,S,Uncharacterized damage-inducible protein DinB (forms a four-helix bundle)
COG2262,J,50S ribosomal subunit-associated GTPase HflX
COG0417,L,DNA polymerase elongation subunit (family B)
COG0429,R,Predicted hydrolase of the alpha/beta-hydrolase fold
COG1393,P,"Arsenate reductase and related proteins, glutaredoxin family"
COG0334,E,Glutamate dehydrogenase/leucine dehydrogenase
COG1381,L,Recombinational DNA repair protein (RecF pathway)
COG0546,C,"Phosphoglycolate phosphatase, HAD superfamily"
COG1118,P,"ABC-type sulfate/molybdate transport systems, ATPase component"
COG4149,P,"ABC-type molybdate transport system, permease component"
COG3585,H,Molybdopterin-binding protein
COG0725,P,"ABC-type molybdate transport system, periplasmic component"
COG3324,R,Predicted enzyme related to lactoylglutathione lyase
COG3508,Q,"Homogentisate 1,2-dioxygenase"
COG4147,C,Na+(or H+)/acetate symporter ActP
COG0153,G,Galactokinase
COG1209,M,dTDP-glucose pyrophosphorylase
COG0661,HT,"Predicted unusual protein kinase regulating ubiquinone biosynthesis, AarF/ABC1/UbiB family"
COG3476,T,Tryptophan-rich sensory protein (mitochondrial benzodiazepine receptor homolog)
COG0531,E,Amino acid transporter
COG5441,S,"Uncharacterized protein, UPF0261 family"
COG3232,E,5-carboxymethyl-2-hydroxymuconate isomerase
COG2368,Q,Aromatic ring hydroxylase
COG3836,G,2-keto-3-deoxy-L-rhamnonate aldolase RhmA
COG3971,Q,2-keto-4-pentenoate hydratase
COG3207,Q,Pyoverdine/dityrosine biosynthesis protein Dit1
COG0654,HC,2-polyprenyl-6-methoxyphenol hydroxylase and related FAD-dependent oxidoreductases
COG4922,R,Predicted SnoaL-like aldol condensation-catalyzing enzyme
COG2855,S,Uncharacterized membrane protein YadS
COG3967,MI,Short-chain dehydrogenase involved in D-alanine esterification of teichoic acids
COG1472,G,Periplasmic beta-glucosidase and related glycosidases
COG2377,M,"1,6-Anhydro-N-acetylmuramate kinase"
COG0572,F,Uridine kinase
COG1884,I,"Methylmalonyl-CoA mutase, N-terminal domain/subunit"
COG1192,N,Cellulose biosynthesis protein BcsQ
COG1475,D,"Chromosome segregation protein Spo0J, contains ParB-like nuclease domain"
COG0289,E,Dihydrodipicolinate reductase
COG0681,U,Signal peptidase I
COG0317,TK,"(p)ppGpp synthase/hydrolase, HD superfamily"
COG1515,L,Deoxyinosine 3'endonuclease (endonuclease V)
COG3568,R,"Metal-dependent hydrolase, endonuclease/exonuclease/phosphatase family"
COG0705,O,"Membrane associated serine protease, rhomboid family"
COG0323,L,DNA mismatch repair ATPase MutL
COG0054,H,"6,7-dimethyl-8-ribityllumazine synthase (Riboflavin synthase beta chain)"
COG1195,L,Recombinational DNA repair ATPase RecF
COG0105,F,Nucleoside diphosphate kinase
COG0618,F,"nanoRNase/pAp phosphatase, hydrolyzes c-di-AMP and oligoRNAs"
COG1047,O,FKBP-type peptidyl-prolyl cis-trans isomerase 2
COG3393,R,"Predicted acetyltransferase, GNAT family"
COG0402,FR,Cytosine/adenosine deaminase or related metal-dependent hydrolase
COG3741,E,N-formylglutamate amidohydrolase
COG3758,T,Various environmental stresses-induced protein Ves (function unknown)
COG2987,E,Urocanate hydratase
COG0415,L,Deoxyribodipyrimidine photolyase
COG4276,R,Ligand-binding SRPBCC domain
COG0815,M,Apolipoprotein N-acyltransferase
COG1193,L,dsDNA-specific endonuclease/ATPase MutS2
COG0692,L,Uracil DNA glycosylase
COG0715,P,"ABC-type nitrate/sulfonate/bicarbonate transport system, periplasmic component"
COG1216,G,"Glycosyltransferase, GT2 family"
COG1466,L,"DNA polymerase III, delta subunit"
COG0114,C,Fumarate hydratase class II
COG2319,R,WD40 repeat
COG2008,E,Threonine aldolase
COG3422,S,"Uncharacterized conserved protein YegP, UPF0339 family"
COG0718,R,Conserved DNA-binding protein YbaB (function unknown)
COG4485,S,Uncharacterized membrane protein YfhO
COG1225,O,Peroxiredoxin
COG0178,L,Excinuclease UvrABC ATPase subunit
COG0177,L,Endonuclease III
COG2143,O,Thioredoxin-related protein
COG1235,P,"Phosphoribosyl 1,2-cyclic phosphodiesterase"
COG4222,S,Uncharacterized conserved protein
COG1501,G,"Alpha-glucosidase, glycosyl hydrolase family GH31"
COG4430,S,"Uncharacterized conserved protein YdeI, YjbR/CyaY-like superfamily, DUF1801 family"
COG2509,R,Uncharacterized FAD-dependent dehydrogenase
COG0251,V,"Enamine deaminase RidA, house cleaning of reactive enamine intermediates, YjgF/YER057c/UK114 family"
COG1452,M,LPS assembly outer membrane protein LptD (organic solvent tolerance protein OstA)
COG0860,M,N-acetylmuramoyl-L-alanine amidase
COG1463,M,"ABC-type transporter Mla maintaining outer membrane lipid asymmetry, periplasmic component MlaD"
COG0247,C,Fe-S oxidoreductase
COG4989,R,Predicted oxidoreductase
COG0742,J,16S rRNA G966 N2-methylase RsmD
COG0507,L,"ATP-dependent exoDNAse (exonuclease V), alpha subunit, helicase superfamily I"
COG1212,M,CMP-2-keto-3-deoxyoctulosonic acid synthetase
COG0217,KJ,Transcriptional and/or translational regulatory protein YebC/TACO1
COG2154,H,Pterin-4a-carbinolamine dehydratase
COG0424,Q,"Predicted house-cleaning NTP pyrophosphatase, Maf/HAM1 superfamily"
COG1576,J,23S rRNA pseudoU1915 N3-methylase RlmH
COG0157,H,Nicotinate-nucleotide pyrophosphorylase
COG1295,S,"Uncharacterized membrane protein, BrkB/YihY/UPF0761 family (not an RNase)"
COG4731,S,"Uncharacterized conserved protein, DUF2147 family"
COG1198,L,Primosomal protein N' (replication factor Y) - superfamily II helicase
COG0360,J,Ribosomal protein S6
COG0238,J,Ribosomal protein S18
COG0359,J,Ribosomal protein L9
COG0124,J,Histidyl-tRNA synthetase
COG3211,R,"Secreted phosphatase, PhoX family"
COG5403,S,Uncharacterized protein
COG1932,HE,Phosphoserine aminotransferase
COG1575,H,"1,4-dihydroxy-2-naphthoate octaprenyltransferase"
COG2220,G,"L-ascorbate metabolism protein UlaG, beta-lactamase superfamily"
COG4948,MR,L-alanine-DL-glutamate epimerase or related enzyme of enolase superfamily
COG1266,O,"Membrane protease YdiL, CAAX protease family"
COG2304,R,Secreted protein containing bacterial Ig-like domain and vWFA domain
COG1187,J,"16S rRNA U516 pseudouridylate synthase RsuA and related 23S rRNA U2605, pseudouridylate synthases"
COG0730,S,Uncharacterized membrane protein YfcA
COG3550,T,"Serine/threonine protein kinase HipA, toxin component of the HipAB toxin-antitoxin module"
COG0802,J,tRNA A37 threonylcarbamoyladenosine biosynthesis protein TsaE
COG1078,R,HD superfamily phosphohydrolase
COG1044,M,UDP-3-O-[3-hydroxymyristoyl] glucosamine N-acyltransferase
COG0774,M,UDP-3-O-acyl-N-acetylglucosamine deacetylase
COG1043,M,Acyl-[acyl carrier protein]--UDP-N-acetylglucosamine O-acyltransferase
COG0231,J,Translation elongation factor P (EF-P)/translation initiation factor 5A (eIF-5A)
COG0074,C,"Succinyl-CoA synthetase, alpha subunit"
COG0612,R,Predicted Zn-dependent peptidase
COG0330,O,"Regulator of protease activity HflC, stomatin/prohibitin superfamily"
COG1764,V,Organic hydroperoxide reductase OsmC/OhrA
COG1077,D,Actin-like ATPase involved in cell morphogenesis
COG0283,F,Cytidylate kinase
COG0101,J,"tRNA U38,U39,U40 pseudouridine synthase TruA"
COG2258,S,"Uncharacterized conserved protein YiiM, contains MOSC domain"
COG2017,G,Galactose mutarotase or related enzyme
COG2524,K,"Predicted transcriptional regulator, contains C-terminal CBS domains"
COG1480,R,Membrane-associated HD superfamily phosphohydrolase
COG0012,J,"Ribosome-binding ATPase YchF, GTP1/OBG family"
COG0025,P,NhaP-type Na+/H+ or K+/H+ antiporter
COG0594,J,RNase P protein component
COG1230,P,Co/Zn/Cd efflux system component
COG0698,G,Ribose 5-phosphate isomerase RpiB
COG0557,K,Exoribonuclease R
COG1539,H,Dihydroneopterin aldolase
COG0008,J,Glutamyl- or glutaminyl-tRNA synthetase
COG0319,J,"ssRNA-specific RNase YbeY, 16S rRNA maturation enzyme"
COG0445,J,tRNA U34 5-carboxymethylaminomethyl modifying enzyme MnmG/GidA
COG2227,H,"2-polyprenyl-3-methyl-5-hydroxy-6-metoxy-1,4-benzoquinol methylase"
COG0138,F,AICAR transformylase/IMP cyclohydrolase PurH
COG1792,D,Cell shape-determining protein MreC
COG1864,F,"DNA/RNA endonuclease G, NUC1"
COG1651,O,Protein-disulfide isomerase
COG1173,EP,"ABC-type dipeptide/oligopeptide/nickel transport system, permease component"
COG0496,L,Broad specificity polyphosphatase and 5'/3'-nucleotidase SurE
COG0763,M,Lipid A disaccharide synthetase
COG0658,R,Predicted membrane metal-binding protein
COG1257,I,Hydroxymethylglutaryl-CoA reductase
COG1577,I,Mevalonate kinase
COG0567,C,"2-oxoglutarate dehydrogenase complex, dehydrogenase (E1) component, and related enzymes"
COG0841,V,Multidrug efflux pump subunit AcrB
COG0740,O,"ATP-dependent protease ClpP, protease subunit"
COG1876,M,"LD-carboxypeptidase LdcB, LAS superfamily"
COG0696,G,"Phosphoglycerate mutase (BPG-independent, AlkP superfamily)"
COG0024,J,Methionine aminopeptidase
COG1477,H,Thiamine biosynthesis lipoprotein ApbE
COG2871,C,"Na+-transporting NADH:ubiquinone oxidoreductase, subunit NqrF"
COG2209,C,"Na+-transporting NADH:ubiquinone oxidoreductase, subunit NqrE"
COG1347,C,"Na+-transporting NADH:ubiquinone oxidoreductase, subunit NqrD"
COG2869,C,"Na+-transporting NADH:ubiquinone oxidoreductase, subunit NqrC"
COG1805,C,"Na+-transporting NADH:ubiquinone oxidoreductase, subunit NqrB"
COG1726,C,"Na+-transporting NADH:ubiquinone oxidoreductase, subunit NqrA"
COG2967,P,Uncharacterized protein affecting Mg2+/Co2+ transport
COG0357,J,16S rRNA G527 N7-methylase RsmG (former glucose-inhibited division protein B)
COG3239,I,Fatty acid desaturase
COG0168,P,"Trk-type K+ transport system, membrane component"
COG0569,P,"Trk K+ transport system, NAD-binding component"
COG4775,M,Outer membrane protein assembly factor BamA
COG0191,G,Fructose/tagatose bisphosphate aldolase
COG0777,I,Acetyl-CoA carboxylase beta subunit
COG0184,J,Ribosomal protein S15P/S13E
COG1185,J,Polyribonucleotide nucleotidyltransferase (polynucleotide phosphorylase)
COG0556,L,Excinuclease UvrABC helicase subunit UvrB
COG0655,C,Multimeric flavodoxin WrbA
COG0071,O,"Molecular chaperone IbpA, HSP20 family"
COG4807,S,"Uncharacterized conserved protein YehS, DUF1456 family"
COG3542,R,"Predicted sugar epimerase, cupin superfamily"
COG0045,C,"Succinyl-CoA synthetase, beta subunit"
COG2802,S,"Uncharacterized protein, similar to the N-terminal domain of Lon protease"
COG1388,M,LysM repeat
COG0519,F,"GMP synthase, PP-ATPase domain/subunit"
COG3871,S,General stress protein 26 (function unknown)
COG4365,S,"Uncharacterized protein YllA, UPF0747 family"
COG0339,E,Zn-dependent oligopeptidase
COG1476,K,"DNA-binding transcriptional regulator, XRE-family HTH domain"
COG2812,L,"DNA polymerase III, gamma/tau subunits"
COG0126,G,3-phosphoglycerate kinase
COG2183,K,Transcriptional accessory protein Tex/SPT6
COG1826,U,Sec-independent protein translocase protein TatA
COG1482,G,"Mannose-6-phosphate isomerase, class I"
COG1088,M,"dTDP-D-glucose 4,6-dehydratase"
COG1898,M,"dTDP-4-dehydrorhamnose 3,5-epimerase or related enzyme"
COG1091,M,dTDP-4-dehydrorhamnose reductase
COG0279,G,Phosphoheptose isomerase
COG0337,E,3-dehydroquinate synthetase
COG2731,G,"Beta-galactosidase, beta subunit"
COG1083,M,CMP-N-acetylneuraminic acid synthetase
COG1208,JM,"NDP-sugar pyrophosphorylase, includes eIF-2Bgamma, eIF-2Bepsilon, and LPS biosynthesis proteins"
COG1922,M,"UDP-N-acetyl-D-mannosaminuronic acid transferase, WecB/TagA/CpsF family"
COG1004,M,UDP-glucose 6-dehydrogenase
COG3307,M,O-antigen ligase
COG0151,F,Phosphoribosylamine-glycine ligase
COG0859,M,ADP-heptose:LPS heptosyltransferase
COG0473,CE,Isocitrate/isopropylmalate dehydrogenase
COG0066,E,3-isopropylmalate dehydratase small subunit
COG0065,E,Homoaconitase/3-isopropylmalate dehydratase large subunit
COG0119,E,Isopropylmalate/homocitrate/citramalate synthases
COG0413,H,Ketopantoate hydroxymethyltransferase
COG1760,E,L-serine deaminase
COG0443,O,Molecular chaperone DnaK (HSP70)
COG0405,E,Gamma-glutamyltranspeptidase
COG3124,I,Acyl carrier protein phosphodiesterase
COG3386,G,Sugar lactone lactonase YvrE
COG1109,G,Phosphomannomutase
COG1560,I,Lauroyl/myristoyl acyltransferase
COG0457,R,Tetratricopeptide (TPR) repeat
COG2035,S,Uncharacterized membrane protein
COG0169,E,Shikimate 5-dehydrogenase
COG3956,R,"Uncharacterized conserved protein YabN, contains tetrapyrrole methylase and MazG-like pyrophosphatase domain"
COG2070,R,"NAD(P)H-dependent flavin oxidoreductase YrpB, nitropropane dioxygenase family"
COG0482,J,"tRNA U34 2-thiouridine synthase MnmA/TrmU, contains the PP-loop ATPase domain"
COG0706,M,"Membrane protein insertase Oxa1/YidC/SpoIIIJ, required for the localization of integral membrane proteins"
COG0504,F,CTP synthase (UTP-ammonia lyase)
COG0242,J,Peptide deformylase
COG0816,K,"RNase H-fold protein, predicted Holliday junction resolvase in Firmicutes and mycoplasms, involved in anti-termination at Rho-dependent terminators"
COG2171,E,Tetrahydrodipicolinate N-succinyltransferase
COG0617,J,tRNA nucleotidyltransferase/poly(A) polymerase
COG1612,H,Heme A synthase
COG3410,S,"Uncharacterized protein, DUF2075 family"
COG5500,S,Uncharacterized membrane protein
COG2910,R,Putative NADH-flavin reductase
COG2249,R,Putative NADPH-quinone reductase (modulator of drug activity B)
COG1042,C,Acyl-CoA synthetase (NDP forming)
COG1959,K,"DNA-binding transcriptional regulator, IscR family"
COG0379,H,Quinolinate synthase
COG0029,H,Aspartate oxidase
COG5009,M,Membrane carboxypeptidase/penicillin-binding protein
COG0755,O,"ABC-type transport system involved in cytochrome c biogenesis, permease component"
COG3303,P,"Formate-dependent nitrite reductase, periplasmic cytochrome c552 subunit"
COG3005,C,Tetraheme cytochrome c subunit of nitrate or TMAO reductase
COG2846,O,"Iron-sulfur cluster repair protein YtfE, RIC family, contains ScdAN and hemerythrin domains"
COG5557,C,Ni/Fe-hydrogenase 2 integral membrane subunit HybB
COG3043,CP,Nitrate reductase cytochrome c-type subunit
COG0243,C,Anaerobic selenocysteine-containing dehydrogenase
COG2326,C,"Polyphosphate kinase 2, PPK2 family"
COG2515,E,"1-aminocyclopropane-1-carboxylate deaminase/D-cysteine desulfhydrase, PLP-dependent ACC family"
COG0607,P,Rhodanese-related sulfurtransferase
COG0187,L,"DNA gyrase/topoisomerase IV, subunit B"
COG0501,O,Zn-dependent protease with chaperone function
COG2824,K,Uncharacterized Zn-ribbon-containing protein
COG3000,I,"Sterol desaturase/sphingolipid hydroxylase, fatty acid hydroxylase superfamily"
COG0861,P,"Membrane protein TerC, possibly involved in tellurium resistance"
COG1709,K,Predicted transcriptional regulator
COG2352,C,Phosphoenolpyruvate carboxylase
COG1169,HQ,Isochorismate synthase EntC
COG1165,H,2-succinyl-5-enolpyruvyl-6-hydroxy-3-cyclohexene-1-carboxylate synthase
COG2996,R,"Predicted RNA-binding protein, contains S1 domains,  virulence factor B family"
COG1528,P,Ferritin
COG0447,H,"1,4-Dihydroxy-2-naphthoyl-CoA synthase"
COG3349,R,"Uncharacterized conserved protein, contains NAD-binding domain and a Fe-S cluster"
COG5640,O,Secreted trypsin-like serine protease
COG1902,C,"2,4-dienoyl-CoA reductase or related NADH-dependent reductase, Old Yellow Enzyme (OYE) family"
COG2972,T,Sensor histidine kinase YesM
COG2333,R,"Metal-dependent hydrolase, beta-lactamase superfamily II"
COG2814,G,"Predicted arabinose efflux permease, MFS family"
COG2353,R,Polyisoprenoid-binding periplasmic protein YceI
COG1082,G,Sugar phosphate isomerase/epimerase
COG3424,Q,Predicted naringenin-chalcone synthase
COG2270,R,"MFS-type transporter involved in bile tolerance, Atg22 family"
COG0296,G,"1,4-alpha-glucan branching enzyme"
COG0448,G,ADP-glucose pyrophosphorylase
COG4335,L,3-methyladenine DNA glycosylase AlkC
COG2378,K,"Predicted DNA-binding transcriptional regulator YafY, contains an HTH and WYL domains"
COG0446,I,"NADPH-dependent 2,4-dienoyl-CoA reductase, sulfur reductase, or a related oxidoreductase"
COG3576,R,"Predicted flavin-nucleotide-binding protein, pyridoxine 5'-phosphate oxidase superfamily"
COG3467,V,"Nitroimidazol reductase NimA or a related FMN-containing flavoprotein, pyridoxamine 5'-phosphate oxidase superfamily"
COG1167,KE,"DNA-binding transcriptional regulator, MocR family, contains an aminotransferase domain"
COG2510,S,Uncharacterized membrane protein
COG2829,M,Outer membrane phospholipase A
COG3781,P,"Predicted membrane chloride channel, bestrophin family"
COG1488,H,Nicotinic acid phosphoribosyltransferase
COG1859,J,"RNA:NAD 2'-phosphotransferase, TPT1/KptA family"
COG2110,J,"O-acetyl-ADP-ribose deacetylase (regulator of RNase III), contains Macro domain"
COG4295,S,Uncharacterized protein
COG3236,O,"Predicted NAD-dependent protein-ADP-ribosyltransferase YbiA, DUF1768 family"
COG5018,R,"Inhibitor of the KinA pathway to sporulation, predicted exonuclease"
COG1690,J,"RNA-splicing ligase RtcB, repairs tRNA damage"
COG3129,J,23S rRNA A1618 N6-methylase RlmF
COG1061,KL,Superfamily II DNA or RNA helicase
COG2608,P,Copper chaperone CopZ
COG3696,P,Cu/Ag efflux pump CusA
COG3963,I,Phospholipid N-methyltransferase
COG0662,G,"Mannose-6-phosphate isomerase, cupin superfamily"
COG1092,J,23S rRNA G2069 N7-methylase RlmK or C1962 C5-methylase RlmI
COG0229,O,Peptide methionine sulfoxide reductase MsrB
COG0757,E,3-dehydroquinate dehydratase
COG3637,M,Opacity protein and related surface antigens
COG0063,F,"NAD(P)H-hydrate repair enzyme Nnr, NAD(P)H-hydrate dehydratase domain"
COG0083,E,Homoserine kinase
COG0498,E,Threonine synthase
COG0404,E,Glycine cleavage system T protein (aminomethyltransferase)
COG3011,R,"Predicted thiol-disulfide oxidoreductase YuxK, DCC family"
COG0082,E,Chorismate synthase
COG0277,C,FAD/FMN-containing dehydrogenase
COG4445,J,tRNA isopentenyl-2-thiomethyl-A-37 hydroxylase MiaE (synthesis of 2-methylthio-cis-ribozeatin)
COG2356,L,Endonuclease I
COG0282,C,Acetate kinase
COG0280,C,Phosphotransacetylase
COG2311,S,Uncharacterized membrane protein YeiB
COG0072,J,Phenylalanyl-tRNA synthetase beta subunit
COG1219,O,"ATP-dependent protease Clp, ATPase subunit"
COG0544,O,FKBP-type peptidyl-prolyl cis-trans isomerase (trigger factor)
COG1950,S,"Uncharacterized membrane protein YvlD, DUF360 family"
COG2067,I,Long-chain fatty acid transport protein
COG0854,H,Pyridoxine 5'-phosphate synthase PdxJ
COG0061,F,NAD kinase
COG0020,I,Undecaprenyl pyrophosphate synthase
COG0796,M,Glutamate racemase
COG0276,H,Protoheme ferro-lyase (ferrochelatase)
COG0373,H,Glutamyl-tRNA reductase
COG0181,H,Porphobilinogen deaminase
COG0407,H,Uroporphyrinogen-III decarboxylase
COG2981,E,Uncharacterized protein involved in cysteine biosynthesis
COG0408,H,Coproporphyrinogen III oxidase
COG5000,T,Signal transduction histidine kinase involved in nitrogen fixation and metabolism regulation
COG3757,M,"Lyzozyme M1 (1,4-beta-N-acetylmuramidase), GH25 family"
COG1363,EG,Putative aminopeptidase FrvX
COG0365,I,Acyl-coenzyme A synthetase/AMP-(fatty) acid ligase
COG4327,S,Uncharacterized membrane protein
COG3677,X,Transposase
COG1443,I,Isopentenyldiphosphate isomerase
COG0783,PV,DNA-binding ferritin-like protein (oxidative damage protectant)
COG2831,U,Hemolysin activation/secretion protein
COG2267,I,"Lysophospholipase, alpha-beta hydrolase superfamily"
COG2114,T,"Adenylate cyclase, class 3"
COG2161,V,"Antitoxin component YafN of the YafNO toxin-antitoxin module, PHD/YefM family"
COG4115,V,"Toxin component of the Txe-Axe toxin-antitoxin module, Txe/YoeB family"
COG3179,R,Predicted chitinase
COG2856,E,"Zn-dependent peptidase ImmA, M78 family"
COG0441,J,Threonyl-tRNA synthetase
COG0290,J,Translation initiation factor IF-3
COG0292,J,Ribosomal protein L20
COG0104,F,Adenylosuccinate synthase
COG2195,E,Di- or tripeptidase
COG0305,L,Replicative DNA helicase
COG0825,I,Acetyl-CoA carboxylase alpha subunit
COG0343,J,Queuine/archaeosine tRNA-ribosyltransferase
COG3959,G,"Transketolase, N-terminal subunit"
COG3958,G,"Transketolase, C-terminal subunit"
COG0545,O,FKBP-type peptidyl-prolyl cis-trans isomerase
COG1188,J,"Ribosomal 50S subunit-recycling heat shock protein, contains S4 domain"
COG0703,E,Shikimate kinase
COG1562,I,Phytoene/squalene synthetase
COG1048,C,Aconitase A
COG0671,I,Membrane-associated phospholipid phosphatase
COG5373,S,Uncharacterized membrane protein
COG4772,P,Outer membrane receptor for Fe3+-dicitrate
COG0167,F,Dihydroorotate dehydrogenase
COG1862,U,Preprotein translocase subunit YajC
COG0781,K,Transcription termination factor NusB
COG0794,GM,D-arabinose 5-phosphate isomerase GutQ
COG0805,U,Sec-independent protein secretion pathway component TatC
COG0599,R,"Uncharacterized conserved protein YurZ, alkylhydroperoxidase/carboxymuconolactone decarboxylase family"
COG1137,M,"ABC-type lipopolysaccharide export system, ATPase component"
COG1183,I,Phosphatidylserine synthase
COG2202,T,PAS domain
COG1832,R,Predicted CoA-binding protein
COG0326,O,"Molecular chaperone, HSP90 family"
COG5505,S,Uncharacterized membrane protein
COG4108,J,Peptide chain release factor RF-3
COG0086,K,"DNA-directed RNA polymerase, beta' subunit/160 kD subunit"
COG0085,K,"DNA-directed RNA polymerase, beta subunit/140 kD subunit"
COG0222,J,Ribosomal protein L7/L12
COG0244,J,Ribosomal protein L10
COG0081,J,Ribosomal protein L1
COG0080,J,Ribosomal protein L11
COG0050,J,"Translation elongation factor EF-Tu, a GTPase"
COG1555,L,DNA uptake protein ComE and related DNA-binding proteins
COG3876,S,"Uncharacterized conserved protein YbbC, DUF1343 family"
COG4260,O,"Membrane protease subunit, stomatin/prohibitin family, contains C-terminal Zn-ribbon domain"
COG0727,R,Fe-S-cluster containining protein
COG1574,R,Predicted amidohydrolase YtcJ
COG2884,D,ABC-type ATPase involved in cell division
COG0073,J,tRNA-binding EMAP/Myf domain
COG1217,T,Predicted membrane GTPase involved in stress response
COG2877,M,3-deoxy-D-manno-octulosonic acid (KDO) 8-phosphate synthase
COG4330,S,Uncharacterized membrane protein
COG4452,V,Inner membrane protein involved in colicin E2 resistance
COG1430,S,"Uncharacterized conserved membrane protein, UPF0127 family"
COG0342,U,Preprotein translocase subunit SecD
COG0039,C,Malate/lactate dehydrogenase
COG0602,R,Organic radical activating enzyme
COG0433,L,"Archaeal DNA helicase HerA or a related bacterial ATPase, contains HAS-barrel and ATPase domains"
COG3844,E,Kynureninase
COG1414,K,"DNA-binding transcriptional regulator, IclR family"
COG4122,R,Predicted O-methyltransferase YrrM
COG3340,E,Peptidase E
COG2066,E,Glutaminase
COG0176,G,Transaldolase
COG0300,R,Short-chain dehydrogenase
COG3823,O,Glutamine cyclotransferase
COG2895,P,"Sulfate adenylyltransferase subunit 1, EFTu-like GTPase family"
COG3063,NW,Tfp pilus assembly protein PilF
COG3067,CP,Na+/H+ antiporter NhaB
COG0285,H,Folylpolyglutamate synthase/Dihydropteroate synthase
COG0770,M,UDP-N-acetylmuramyl pentapeptide synthase
COG0295,F,Cytidine deaminase
COG1071,C,TPP-dependent pyruvate or acetoin dehydrogenase subunit alpha
COG0836,M,Mannose-1-phosphate guanylyltransferase
COG1808,S,Uncharacterized membrane protein
COG0627,V,S-formylglutathione hydrolase FrmB
COG1127,M,"ABC-type transporter Mla maintaining outer membrane lipid asymmetry, ATPase component MlaF"
COG0767,M,"ABC-type transporter Mla maintaining outer membrane lipid asymmetry, permease component MlaE"
COG1524,R,"Predicted pyrophosphatase or phosphodiesterase, AlkP superfamily"
COG1003,E,"Glycine cleavage system protein P (pyridoxal-binding), C-terminal domain"
COG1090,R,NAD dependent epimerase/dehydratase family enzyme
COG1510,K,"DNA-binding transcriptional regulator GbsR, MarR family"
COG0041,F,Phosphoribosylcarboxyaminoimidazole (NCAIR) mutase
COG0026,F,Phosphoribosylaminoimidazole carboxylase (NCAIR synthetase)
COG0536,DL,GTPase involved in cell partioning and DNA repair
COG2256,L,Replication-associated recombination protein RarA (DNA-dependent ATPase)
COG0048,J,Ribosomal protein S12
COG0049,J,Ribosomal protein S7
COG0480,J,"Translation elongation factor EF-G, a GTPase"
COG0051,J,Ribosomal protein S10
COG0087,J,Ribosomal protein L3
COG0088,J,Ribosomal protein L4
COG0089,J,Ribosomal protein L23
COG0090,J,Ribosomal protein L2
COG0185,J,Ribosomal protein S19
COG0091,J,Ribosomal protein L22
COG0092,J,Ribosomal protein S3
COG0197,J,Ribosomal protein L16/L10AE
COG0255,J,Ribosomal protein L29
COG0093,J,Ribosomal protein L14
COG0198,J,Ribosomal protein L24
COG0094,J,Ribosomal protein L5
COG0199,J,Ribosomal protein S14
COG0096,J,Ribosomal protein S8
COG0097,J,Ribosomal protein L6P/L9E
COG0256,J,Ribosomal protein L18
COG0098,J,Ribosomal protein S5
COG0200,J,Ribosomal protein L15
COG0201,U,Preprotein translocase subunit SecY
COG0361,J,Translation initiation factor IF-1
COG0099,J,Ribosomal protein S13
COG0100,J,Ribosomal protein S11
COG0522,J,Ribosomal protein S4 or related protein
COG0202,K,"DNA-directed RNA polymerase, alpha subunit/40 kD subunit"
COG0203,J,Ribosomal protein L17
COG0505,EF,Carbamoylphosphate synthase small subunit
COG0148,G,Enolase
COG0372,C,Citrate synthase
COG4874,S,Uncharacterized protein
COG0702,R,"Uncharacterized conserved protein YbjT, contains NAD(P)-binding and DUF2867 domains"
COG0018,J,Arginyl-tRNA synthetase
COG0541,U,Signal recognition particle GTPase
COG0190,H,"5,10-methylene-tetrahydrofolate dehydrogenase/Methenyl tetrahydrofolate cyclohydrolase"
COG1158,K,Transcription termination factor Rho
COG0622,R,Predicted phosphodiesterase
COG1624,T,"Diadenylate cyclase (c-di-AMP synthetase), DisA_N domain"
COG0294,H,Dihydropteroate synthase
COG0601,EP,"ABC-type dipeptide/oligopeptide/nickel transport system, permease component"
COG0149,G,Triosephosphate isomerase
COG2264,J,Ribosomal protein L11 methylase PrmA
COG2127,O,ATP-dependent Clp protease adapter protein ClpS
COG3222,S,"Uncharacterized conserved protein, glycosyltransferase A (GT-A) superfamily, DUF2064 family"
COG2096,H,Cob(I)alamin adenosyltransferase
COG2243,H,Precorrin-2 methylase
COG1010,H,Precorrin-3B methylase
COG2242,H,Precorrin-6B methylase 2
COG2875,H,Precorrin-4 methylase
COG2099,H,Precorrin-6x reductase
COG1903,H,Cobalamin biosynthesis protein CbiD
COG0219,J,"tRNA(Leu) C34 or U34 (ribose-2'-O)-methylase TrmL, contains SPOUT domain"
COG3344,X,Retron-type reverse transcriptase
COG3464,X,Transposase
COG3663,L,G:T/U-mismatch repair DNA glycosylase
COG2423,E,"Ornithine cyclodeaminase/archaeal alanine dehydrogenase, mu-crystallin family"
COG3738,S,"Uncharacterized protein YijF, DUF1287 family"
COG0159,E,Tryptophan synthase alpha chain
COG0133,E,Tryptophan synthase beta chain
COG0135,E,Phosphoribosylanthranilate isomerase
COG0134,E,Indole-3-glycerol phosphate synthase
COG2320,R,"GrpB domain, predicted nucleotidyltransferase, UPF0157 family"
COG0547,E,Anthranilate phosphoribosyltransferase
COG0512,EH,Anthranilate/para-aminobenzoate synthase component II
COG1940,KG,"Sugar kinase of the NBD/HSP70 family, may contain an N-terminal HTH domain"
COG3537,G,"Putative alpha-1,2-mannosidase"
COG0738,G,Fucose permease
COG0826,O,"Collagenase-like protease, PrtC family"
COG0284,F,Orotidine-5'-phosphate decarboxylase
COG0788,F,Formyltetrahydrofolate hydrolase
COG3358,S,"Uncharacterized conserved protein, DUF1684 family"
COG0239,DP,"Fluoride ion exporter CrcB/FEX, affects chromosome condensation"
COG4978,T,Bacterial effector-binding domain
COG4696,R,"Predicted phosphohydrolase, Cof family, HAD superfamily"
COG4121,J,tRNA U34 5-methylaminomethyl-2-thiouridine-forming methyltransferase MnmC
COG0576,O,Molecular chaperone GrpE (heat shock protein)
COG4152,R,"ABC-type uncharacterized transport system, ATPase component"
COG1668,CP,"ABC-type Na+ efflux pump, permease component"
COG3264,M,Small-conductance mechanosensitive channel
COG1292,M,Choline-glycine betaine transporter
COG1703,O,Putative periplasmic protein kinase ArgK or related GTPase of G3E family
COG0653,U,"Preprotein translocase subunit SecA (ATPase, RNA helicase)"
COG0353,L,Recombinational DNA repair protein RecR
COG3238,S,"Uncharacterized membrane protein YdcZ, DUF606 family"
COG1108,P,"ABC-type Mn2+/Zn2+ transport system, permease component"
COG1121,P,"ABC-type Mn2+/Zn2+ transport system, ATPase component"
COG0803,P,"ABC-type Zn uptake system ZnuABC, Zn-binding component ZnuA"
COG4771,P,Outer membrane receptor for ferrienterochelin and colicins
COG1321,K,"Mn-dependent transcriptional regulator, DtxR family"
COG2198,T,HPt (histidine-containing phosphotransfer) domain
COG1058,R,Predicted nucleotide-utilizing enzyme related to molybdopterin-biosynthesis enzyme MoeA
COG0227,J,Ribosomal protein L28
COG0552,U,Signal recognition particle GTPase
COG0154,J,Asp-tRNAAsn/Glu-tRNAGln amidotransferase A subunit or related amidase
COG4403,V,Lantibiotic modifying enzyme
COG1620,C,L-lactate permease
COG1573,L,Uracil-DNA glycosylase
COG5495,R,"Predicted oxidoreductase, contains short-chain dehydrogenase (SDR) and DUF2520 domains"
COG1778,MR, 3-deoxy-D-manno-octulosonate 8-phosphate phosphatase KdsC and related HAD superfamily phosphatases
COG0127,F,"Inosine/xanthosine triphosphate pyrophosphatase, all-alpha NTP-PPase family"
COG1757,C,Na+/H+ antiporter NhaC
COG4815,S,Uncharacterized protein
COG0458,EF,Carbamoylphosphate synthase large subunit
COG2388,R,"Predicted acetyltransferase, GNAT superfamily"
COG0747,E,"ABC-type transport system, periplasmic component"
COG0254,J,Ribosomal protein L31
COG0144,J,"16S rRNA C967 or C1407 C5-methylase, RsmB/RsmF family"
COG0046,F,"Phosphoribosylformylglycinamidine (FGAM) synthase, synthetase domain"
COG1022,I,Long-chain acyl-CoA synthetase (AMP-forming)
COG2334,T,"Ser/Thr protein kinase RdoA involved in Cpx stress response, MazF antagonist"
COG2939,E,Carboxypeptidase C (cathepsin A)
COG1741,R,"Redox-sensitive bicupin YhaK, pirin superfamily"
COG3782,S,Uncharacterized protein
COG4867,S,"Uncharacterized protein, contains von Willebrand factor type A (vWA) domain"
COG1981,S,Uncharacterized membrane protein
COG1561,S,"Uncharacterized conserved protein YicC, UPF0701 family"
COG0194,F,Guanylate kinase
COG1057,H,Nicotinic acid mononucleotide adenylyltransferase
COG1123,O,"ABC-type glutathione transport system ATPase component, contains duplicated ATPase domain"
COG2057,I,"Acyl CoA:acetate/3-ketoacid CoA transferase, beta subunit"
COG1788,I,"Acyl CoA:acetate/3-ketoacid CoA transferase, alpha subunit"
COG1774,T,"Cell fate regulator YaaT, PSP1 superfamily (controls sporulation, competence, biofilm development)"
COG1054,R,Predicted sulfurtransferase
COG0468,L,RecA/RadA recombinase
COG0180,J,Tryptophanyl-tRNA synthetase
COG0016,J,Phenylalanyl-tRNA synthetase alpha subunit
COG1286,S,"Uncharacterized membrane protein, required for colicin V production"
COG0288,P,Carbonic anhydrase
COG1240,H,Mg-chelatase subunit ChlD
COG0166,G,Glucose-6-phosphate isomerase
COG3185,ER,4-hydroxyphenylpyruvate dioxygenase and related hemolysins
COG1752,R,"Predicted acylesterase/phospholipase RssA, containd patatin domain"
COG0322,L,"Excinuclease UvrABC, nuclease subunit"
COG3608,R,Predicted deacylase
COG0212,H,5-formyltetrahydrofolate cyclo-ligase
COG1734,J,RNA polymerase-binding transcription factor DksA
COG0060,J,Isoleucyl-tRNA synthetase
COG1040,R,Predicted amidophosphoribosyltransferases
COG0423,J,Glycyl-tRNA synthetase (class II)
COG0708,L,Exonuclease III
COG0240,C,Glycerol-3-phosphate dehydrogenase
COG2897,P,"3-mercaptopyruvate sulfurtransferase SseA, contains two rhodanese domains"
COG0758,L,Predicted Rossmann fold nucleotide-binding protein DprA/Smf involved in DNA uptake
COG4942,D,"Septal ring factor EnvC, activator of murein hydrolases AmiA and AmiB"
COG3071,S,"Uncharacterized conserved protein HemY, contains two TPR repeats"
COG0756,FV,dUTPase
COG0224,C,"FoF1-type ATP synthase, gamma subunit"
COG0056,C,"FoF1-type ATP synthase, alpha subunit"
COG0712,C,"FoF1-type ATP synthase, delta subunit"
COG0711,C,"FoF1-type ATP synthase, membrane subunit b or b'"
COG0356,C,"FoF1-type ATP synthase, membrane subunit a"
COG1664,Z,"Cytoskeletal protein CcmA, bactofilin family"
COG0521,H,Molybdopterin biosynthesis enzyme MoaB
COG4898,S,Uncharacterized protein
COG3093,V,"Plasmid maintenance system antidote protein VapI, contains XRE-type HTH domain"
COG2513,G,"2-Methylisocitrate lyase and related enzymes, PEP mutase family"
COG2374,R,Predicted extracellular nuclease
COG1070,G,Sugar (pentulose or hexulose) kinase
COG2115,G,Xylose isomerase
COG4146,R,"Uncharacterized membrane permease YidK, sodium:solute symporter family"
COG3693,G,"Endo-1,4-beta-xylanase, GH35 family"
COG3405,G,"Endo-1,4-beta-D-glucanase Y"
COG3950,R,Predicted ATP-binding protein involved in virulence
COG4067,S,Uncharacterized conserved protein
COG4935,O,Regulatory P domain of the subtilisin-like proprotein convertases and other proteases
COG1073,T,"Fermentation-respiration switch protein FrsA, has esterase activity, DUF1100 family"
COG4247,I,3-phytase (myo-inositol-hexaphosphate 3-phosphohydrolase)
COG2104,H,Sulfur carrier protein ThiS (thiamine biosynthesis)
COG0476,H,Molybdopterin or thiamine biosynthesis adenylyltransferase
COG1232,H,Protoporphyrinogen oxidase
COG0162,J,Tyrosyl-tRNA synthetase
COG0306,P,Phosphate/sulfate permease
COG5002,T,Signal transduction histidine kinase
COG0220,J,tRNA G46 methylase TrmB
COG3695,K,"Alkylated DNA nucleotide flippase Atl1, participates in nucleotide excision repair, Ada-like DNA-binding domain"
COG3329,S,Uncharacterized conserved protein
COG3682,K,Predicted transcriptional regulator
COG4219,T,"Signal transducer regulating beta-lactamase production, contains  metallopeptidase domain"
COG3938,E,Proline racemase
COG2315,K,"Predicted DNA-binding protein with double-wing structural motif, MmcQ/YjbR family"
COG0635,H,Coproporphyrinogen III oxidase or related Fe-S oxidoreductase
COG0817,L,Holliday junction resolvasome RuvABC endonuclease subunit
COG2839,S,"Uncharacterized conserved protein YqgC, DUF456 family"
COG0228,J,Ribosomal protein S16
COG0806,J,"Ribosomal 30S subunit maturation factor RimM, required for 16S rRNA processing"
COG4123,J,tRNA1(Val) A37 N6-methylase TrmN6
COG0584,I,Glycerophosphoryl diester phosphodiesterase
COG2081,R,Predicted flavoprotein YhiN
COG3797,S,"Uncharacterized conserved protein, DUF1697 family"
COG3407,I,Mevalonate pyrophosphate decarboxylase
COG0382,H,4-hydroxybenzoate polyprenyltransferase
COG1145,C,Ferredoxin
COG3558,S,"Uncharacterized conserved protein, nuclear transport factor 2 (NTF2) superfamily"
COG2084,I,3-hydroxyisobutyrate dehydrogenase or related beta-hydroxyacid dehydrogenase
COG0005,F,Purine nucleoside phosphorylase
COG0535,R,"Radical SAM superfamily enzyme, MoaA/NifB/PqqE/SkfB family"
COG0554,C,Glycerol kinase
COG3345,G,Alpha-galactosidase
COG1725,K,"DNA-binding transcriptional regulator YhcF, GntR family"
COG3287,S,"Uncharacterized conserved protein, contains FIST_N domain"
COG3497,X,Phage tail sheath protein FI
COG3500,X,Phage protein D
COG3628,X,Phage baseplate assembly protein W
COG1716,T,"Forkhead associated (FHA) domain, binds pSer, pThr, pTyr"
COG3899,R,Predicted ATPase
COG1944,J,Ribosomal protein S12 methylthiotransferase accessory factor YcaO
COG1509,E,"L-lysine 2,3-aminomutase (EF-P beta-lysylation pathway)"
COG0385,R,Predicted Na+-dependent transporter
COG1112,L,Superfamily I DNA and/or RNA helicase
COG4340,S,Uncharacterized protein
COG4076,R,Predicted RNA methylase
COG0160,E,4-aminobutyrate aminotransferase or related aminotransferase
COG1705,MN,Flagellum-specific peptidoglycan hydrolase FlgJ
COG0001,H,Glutamate-1-semialdehyde aminotransferase
COG4682,S,Uncharacterized membrane protein YiaA
COG4872,S,Uncharacterized membrane protein
COG3540,P,Phosphodiesterase/alkaline phosphatase D
COG1190,J,Lysyl-tRNA synthetase (class II)
COG0321,H,Lipoate-protein ligase B
COG0164,L,Ribonuclease HII
COG4105,M,"Outer membrane protein assembly factor BamD, BamD/ComL family"
COG2730,G,"Aryl-phospho-beta-D-glucosidase BglC, GH1 family"
COG3369,S,"Uncharacterized protein, contains Zn-finger domain of CDGSH type"
COG2186,K,"DNA-binding transcriptional regulator, FadR family"
COG2159,R,"Predicted metal-dependent hydrolase, TIM-barrel fold"
COG2133,G,"Glucose/arabinose dehydrogenase, beta-propeller fold"
COG2089,M,"Sialic acid synthase SpsE, contains C-terminal SAF domain"
COG1089,M,GDP-D-mannose dehydratase
COG3392,L,Adenine-specific DNA methylase
COG0636,C,"FoF1-type ATP synthase, membrane subunit c/Archaeal/vacuolar-type H+-ATPase, subunit K"
COG4628,S,"Uncharacterized conserved protein, DUF2132 family"
COG1961,L,Site-specific DNA recombinase related to the DNA invertase Pin
COG3698,S,"Uncharacterized protein YigE, DUF2233 family"
COG3292,T,Periplasmic ligand-binding sensor domain
COG4615,P,"ABC-type siderophore export system, fused ATPase and permease components"
COG1231,E,Monoamine oxidase
COG5492,R,"Uncharacterized conserved protein YjdB, contains Ig-like domain"
COG2230,I,Cyclopropane fatty-acyl-phospholipid synthase and related methyltransferases
COG5279,D,"Cytokinesis protein 3, contains TGc (transglutaminase/protease-like) domain"
COG2808,T,Predicted FMN-binding regulatory protein PaiB
COG0186,J,Ribosomal protein S17
COG1834,E,N-Dimethylarginine dimethylaminohydrolase
COG1246,E,"N-acetylglutamate synthase or related acetyltransferase, GNAT family"
COG1272,U,"Predicted membrane channel-forming protein YqfA, hemolysin III family"
COG0116,J,23S rRNA G2445 N2-methylase RlmL
COG2265,J,"tRNA/tmRNA/rRNA uracil-C5-methylase, TrmA/RlmC/RlmD family"
COG1104,E,Cysteine sulfinate desulfinase/cysteine desulfurase or related enzyme
COG3046,R,Uncharacterized protein related to deoxyribodipyrimidine photolyase
COG3227,O,Zn-dependent metalloprotease
COG2919,D,Cell division protein FtsB
COG5498,G,Endoglucanase Acf2
COG3216,S,"Uncharacterized conserved protein, DUF2062 family"
COG2911,U,Autotransporter translocation and assembly factor TamB
COG1803,G,Methylglyoxal synthase
COG3361,S,"Uncharacterized protein YqjF, DUF2071 family"
COG0376,P,Catalase (peroxidase I)
COG4912,L,3-methyladenine DNA glycosylase AlkD
COG4529,R,Uncharacterized NAD(P)/FAD-binding protein YdhS
COG2519,J,tRNA A58 N-methylase Trm61
COG4315,S,Predicted lipoprotein with conserved Yx(FWY)xxD motif (function unknown)
COG0397,S,"Uncharacterized conserved protein YdiU, UPF0061 family"
COG2366,Q,Acyl-homoserine lactone (AHL) acylase PvdQ
COG1979,C,"Alcohol dehydrogenase YqhD, Fe-dependent ADH family"
COG1835,M,"Peptidoglycan/LPS O-acetylase OafA/YrhL, contains acyltransferase and SGNH-hydrolase domains"
COG1288,R,"Uncharacterized membrane protein YfcC, ion transporter superfamily"
COG4181,Q,"Predicted ABC-type transport system involved in lysophospholipase L1 biosynthesis, ATPase component"
COG3127,Q,"Predicted ABC-type transport system involved in lysophospholipase L1 biosynthesis, permease component"
COG0604,CR,NADPH:quinone reductase or related Zn-dependent oxidoreductase
COG5616,R,TolB amino-terminal domain (function unknown)
COG3509,Q,Poly(3-hydroxybutyrate) depolymerase
COG0736,I,Phosphopantetheinyl transferase (holo-ACP synthase)
COG0641,O,"Sulfatase maturation enzyme AslB, radical SAM superfamily"
COG3012,S,"Uncharacterized conserved protein YchJ, contains N- and C-terminal SEC-C domains"
COG5586,S,Uncharacterized protein
COG3620,K,Predicted transcriptional regulator with C-terminal CBS domains
COG4845,V,Chloramphenicol O-acetyltransferase
COG1238,S,"Uncharacterized membrane protein YqaA, SNARE-associated domain"
COG0412,Q,Dienelactone hydrolase
COG2072,P,Predicted flavoprotein CzcO associated with the cation diffusion facilitator CzcD
COG2130,QR,NADPH-dependent curcumin reductase CurA
COG2102,J,Diphthamide synthase (EF-2-diphthine--ammonia ligase)
COG1398,I,Fatty-acid desaturase
COG2610,GR,H+/gluconate symporter or related permease
COG0362,G,6-phosphogluconate dehydrogenase
COG4990,S,Uncharacterized protein YvpB
COG2030,I,Acyl dehydratase
COG3173,R,"Predicted  kinase, aminoglycoside phosphotransferase (APT) family"
COG3394,S,"Predicted glycoside hydrolase or deacetylase ChbG, UPF0249 family"
COG3604,KT,"Transcriptional regulator containing GAF, AAA-type ATPase, and DNA-binding Fis domains"
COG2085,R,Predicted dinucleotide-binding enzyme
COG1236,J,"RNA processing exonuclease, beta-lactamase fold, Cft2 family"
COG1793,L,ATP-dependent DNA ligase
COG1201,L,Lhr-like helicase
COG1407,R,Metallophosphoesterase superfamily enzyme
COG2324,S,Uncharacterized membrane protein
COG0656,Q,"Aldo/keto reductase, related to diketogulonate reductase"
COG3565,R,Predicted dioxygenase of extradiol dioxygenase family
COG1449,G,"Alpha-amylase/alpha-mannosidase, GH57 family"
COG3751,JO,"Proline 4-hydroxylase (includes Rps23 Pro-64 3,4-dihydroxylase Tpa1), contains SM-20 domain"
COG5470,S,"Uncharacterized conserved protein, DUF1330 family"
COG1544,J,Ribosome-associated translation inhibitor RaiA
COG4323,S,Uncharacterized protein
COG2223,P,Nitrate/nitrite transporter NarK
COG1773,C,Rubredoxin
COG2896,H,Molybdenum cofactor biosynthesis enzyme MoaA
COG0315,H,Molybdenum cofactor biosynthesis enzyme
COG0314,H,Molybdopterin synthase catalytic subunit
COG1977,H,"Molybdopterin converting factor, small subunit"
COG0746,H,Molybdopterin-guanine dinucleotide biosynthesis protein A
COG2005,K,DNA-binding transcriptional regulator ModE (molybdenum-dependent)
COG0303,H,Molybdopterin biosynthesis enzyme
COG4676,S,"Uncharacterized conserved protein YfaP, DUF2135 family"
COG2271,G,Sugar phosphate permease
COG1254,C,Acylphosphatase
COG0274,F,Deoxyribose-phosphate aldolase
COG2836,P,Sulfite exporter TauE/SafE
COG0348,C,Polyferredoxin
COG2010,C,"Cytochrome c, mono- and diheme variants"
COG3278,C,"Cbb3-type cytochrome oxidase, subunit 1"
COG3878,S,Uncharacterized protein YwqG
COG2217,P,Cation transport ATPase
COG1052,CHR,Lactate dehydrogenase or related 2-hydroxyacid dehydrogenase
COG1502,I,Phosphatidylserine/phosphatidylglycerophosphate/cardiolipin synthase or related enzyme
COG0598,P,Mg2+ and Co2+ transporter CorA
COG2723,G,Beta-glucosidase/6-phospho-beta-glucosidase/beta-galactosidase
COG3577,R,Predicted aspartyl protease
COG4277,R,Predicted DNA-binding protein with the Helix-hairpin-helix motif
COG1032,R,"Radical SAM superfamily enzyme YgiQ, UPF0313 family"
COG1204,L,Replicative superfamily II helicase
COG0338,L,Site-specific DNA-adenine methylase
COG1626,G,Neutral trehalase
COG0393,S,"Uncharacterized conserved protein YbjQ, UPF0145 family"
COG0683,E,"ABC-type branched-chain amino acid transport system, periplasmic component"
COG4281,I,Acyl-CoA-binding protein
COG3315,Q,O-Methyltransferase involved in polyketide biosynthesis
COG4242,QR,Cyanophycinase and related exopeptidases
COG3250,G,Beta-galactosidase/beta-glucuronidase
COG2816,F,"NADH pyrophosphatase NudC, Nudix superfamily"
COG2514,Q,"Catechol-2,3-dioxygenase"
COG5395,S,Uncharacterized membrane protein
COG0421,E,Spermidine synthase
COG4337,S,Uncharacterized protein
COG2303,IR,Choline dehydrogenase or related flavoprotein
COG1904,G,Glucuronate isomerase
COG1403,V,5-methylcytosine-specific restriction endonuclease McrA
COG2020,O,Protein-S-isoprenylcysteine O-methyltransferase Ste14
COG4539,S,Uncharacterized membrane protein YGL010W
COG3007,I,Trans-2-enoyl-CoA reductase
COG4704,S,"Uncharacterized conserved protein, DUF2141 family"
COG4124,G,Beta-mannanase
COG0380,G,Trehalose-6-phosphate synthase
COG3387,G,"Glucoamylase (glucan-1,4-alpha-glucosidase), GH15 family"
COG4412,O,"Bacillopeptidase F, M6 metalloprotease family"
COG0741,M,Soluble lytic murein transglycosylase and related regulatory proteins (some contain LysM/invasin domains)
COG2192,R,"Predicted carbamoyl transferase, NodU family"
COG0529,P,Adenylylsulfate kinase or related kinase
COG0800,G,2-keto-3-deoxy-6-phosphogluconate aldolase
COG4565,KT,Response regulator of citrate/malate metabolism
COG3622,G,Hydroxypyruvate isomerase
COG0312,R,Predicted Zn-dependent protease or its inactivated homolog
COG4941,K,"Predicted RNA polymerase sigma factor, contains C-terminal TPR domain"
COG3795,S,Uncharacterized conserved protein
COG1362,E,Aspartyl aminopeptidase
COG1085,G,Galactose-1-phosphate uridylyltransferase
COG1593,G,"TRAP-type C4-dicarboxylate transport system, large permease component"
COG3090,G,"TRAP-type C4-dicarboxylate transport system, small permease component"
COG1638,G,"TRAP-type C4-dicarboxylate transport system, periplasmic component"
COG3717,G,5-keto 4-deoxyuronate isomerase
COG1312,G,D-mannonate dehydratase
COG4700,S,Uncharacterized protein
COG0582,LX,Integrase
COG0286,V,"Type I restriction-modification system, DNA methylase subunit"
COG2850,J,"Ribosomal protein L16 Arg81 hydroxylase, contains JmjC domain"
COG4305,M,"Peptidoglycan-binding domain, expansin"
COG1409,T,"3',5'-cyclic AMP phosphodiesterase CpdA"
COG0807,H,GTP cyclohydrolase II
COG2141,HR,"Flavin-dependent oxidoreductase, luciferase family (includes alkanesulfonate monooxygenase SsuD and methylene tetrahydromethanopterin reductase)"
COG3828,R,Type 1 glutamine amidotransferase (GATase1)-like domain
COG4099,R,Predicted peptidase
COG0075,EF,"Archaeal aspartate aminotransferase or a related aminotransferase, includes purine catabolism protein PucG"
COG1251,C,"NAD(P)H-nitrite reductase, large subunit"
COG2146,PQ,Ferredoxin subunit of nitrite reductase or a ring-hydroxylating dioxygenase
COG3153,R,Predicted N-acetyltransferase YhbS
COG4932,S,Uncharacterized surface anchored protein
COG4314,P,Nitrous oxide reductase accessory protein NosL
COG4263,P,Nitrous oxide reductase
COG2132,DPM,Multicopper oxidase with three cupredoxin domains (includes cell division protein FtsP and spore coat protein CotA)
COG1328,F,Anaerobic ribonucleoside-triphosphate reductase
COG1180,O,Pyruvate-formate lyase-activating enzyme
COG1015,G,Phosphopentomutase
COG3425,I,3-hydroxy-3-methylglutaryl CoA synthase
COG5412,X,Phage-related protein
COG3293,X,Transposase
COG3631,R,Ketosteroid isomerase-related protein
COG4899,S,Uncharacterized protein
COG0474,P,Magnesium-transporting ATPase (P-type)
COG0381,M,UDP-N-acetylglucosamine 2-epimerase
COG5368,S,Uncharacterized protein
COG3338,P,Carbonic anhydrase
COG1896,FR,5'-deoxynucleotidase YfbR and related HD superfamily hydrolases
COG0398,S,"Uncharacterized membrane protein YdjX, TVP38/TMEM64 family, SNARE-associated domain"
COG3220,S,"Uncharacterized conserved protein, UPF0276 family"
COG4774,P,Outer membrane receptor for monomeric catechols
COG2391,R,"Uncharacterized membrane protein YedE/YeeE, contains two sulfur transport domains"
COG1327,K,"Transcriptional regulator NrdR, contains Zn-ribbon and ATP-cone domains"
COG2041,C,"Periplasmic DMSO/TMAO reductase YedYZ, molybdopterin-dependent catalytic subunit"
COG0813,F,Purine-nucleoside phosphorylase
COG2059,P,Chromate transport protein ChrA
COG2454,S,Uncharacterized protein
COG3831,K,"WGR domain, predicted DNA-binding domain in MolR"
COG5516,R,"Conserved protein containing a Zn-ribbon-like motif, possibly RNA-binding"
COG2309,E,Leucyl aminopeptidase (aminopeptidase T)
COG2188,K,"DNA-binding transcriptional regulator, GntR family"
COG3408,G,"Glycogen debranching enzyme (alpha-1,6-glucosidase)"
COG0562,M,UDP-galactopyranose mutase
COG4326,D,Sporulation-control protein spo0M
COG3579,E,Aminopeptidase C
COG2261,R,"Uncharacterized membrane protein YeaQ/YmgE, transglycosylase-associated protein family"
COG2746,V,Aminoglycoside N3'-acetyltransferase
COG2867,J,Ribosome association toxin PasT (RatA) of the RatAB toxin-antitoxin module
COG3055,M,N-acetylneuraminic acid mutarotase
COG4832,S,Uncharacterized protein
COG3527,Q,Alpha-acetolactate decarboxylase
COG4747,S,"Uncharacterized conserved protein, contains tandem ACT domains"
COG3617,X,Prophage antirepressor
COG0460,E,Homoserine dehydrogenase
COG3350,S,"Uncharacterized conserved protein, YHS domain"
COG3435,Q,"Gentisate 1,2-dioxygenase"
COG1964,R,"Uncharacterized Fe-S cluster-containing enzyme, radical SAM superfamily"
COG4249,R,"Uncharacterized protein, contains caspase domain"
COG2761,O,"Predicted dithiol-disulfide isomerase, DsbA family"
COG1819,G,"UDP:flavonoid glycosyltransferase YjiC, YdhE family"
COG1662,X,"Transposase and inactivated derivatives, IS1 family"
COG0610,V,"Type I site-specific restriction-modification system, R (restriction) subunit and related helicases ..."
COG0732,V,Restriction endonuclease S subunit
COG2859,S,Uncharacterized protein
COG0863,L,DNA modification methylase
COG4421,M,Capsular polysaccharide biosynthesis protein
COG1785,PR,Alkaline phosphatase
COG2152,G,"Predicted glycosyl hydrolase, GH43/DUF377 family"
COG3669,G,Alpha-L-fucosidase
COG2241,H,Precorrin-6B methylase 1
COG4188,R,Predicted dienelactone hydrolase
COG3204,S,Uncharacterized protein YjiK
COG3616,E,"D-serine deaminase, pyridoxal phosphate-dependent"
COG2866,M,Murein tripeptide amidase MpaA
COG3593,L,"Predicted ATP-dependent endonuclease of the OLD family, contains P-loop ATPase and TOPRIM domains"
COG5039,GM,"Exopolysaccharide biosynthesis protein EpsI, predicted pyruvyl transferase"
COG4548,P,Nitric oxide reductase activation protein
COG2461,S,"Uncharacterized conserved protein, DUF438 domain, may contain hemerythrin domain"
COG3383,R,Predicted molibdopterin-dependent oxidoreductase YjgC
COG1894,C,"NADH:ubiquinone oxidoreductase, NADH-binding 51 kD subunit (chain F)"
COG1526,C,Formate dehydrogenase assembly factor FdhD
COG2759,F,Formyltetrahydrofolate synthetase
COG4200,S,Uncharacterized protein
COG3813,S,Uncharacterized protein
COG0140,E,Phosphoribosyl-ATP pyrophosphohydrolase
COG4929,S,Uncharacterized membrane-anchored protein
COG0579,G,L-2-hydroxyglutarate oxidase LhgO
COG3417,M,"Outer membrane lipoprotein LpoB, binds and activates PBP1b"
COG3014,S,Uncharacterized protein
COG3047,M,Outer membrane protein W
