index,KO_id,Desc
K14742,tsaB, tRNA threonylcarbamoyladenosine biosynthesis protein TsaB
K13888,macA," membrane fusion protein, macrolide-specific efflux system"
K02003,ABC.CD.A, putative ABC transport system ATP-binding protein
K02276,"coxC, ctaE", cytochrome c oxidase subunit III [EC:7.1.1.9]
K02257,"COX10, ctaB, cyoE", heme o synthase [EC:2.5.1.141]
K02437,"gcvH, GCSH", glycine cleavage system H protein
K03550,ruvA, holliday junction DNA helicase RuvA [EC:3.6.4.12]
K00939,"adk, AK", adenylate kinase [EC:2.7.4.3]
K00029,"E1.1.1.40, maeB", malate dehydrogenase (oxaloacetate-decarboxylating)(NADP+) [EC:1.1.1.40]
K18979,queG, epoxyqueuosine reductase [EC:1.17.99.6]
K03551,ruvB, holliday junction DNA helicase RuvB [EC:3.6.4.12]
K02274,"coxA, ctaD", cytochrome c oxidase subunit I [EC:7.1.1.9]
K02600,nusA, transcription termination/antitermination protein NusA
K05939,aas, acyl-[acyl-carrier-protein]-phospholipid O-acyltransferase / long-chain-fatty-acid--[acyl-carrier-protein] ligase [EC:2.3.1.40 6.2.1.20]
K22278,pgdA, peptidoglycan-N-acetylglucosamine deacetylase [EC:3.5.1.104]
K02335,polA, DNA polymerase I [EC:2.7.7.7]
K02871,"RP-L13, MRPL13, rplM", large subunit ribosomal protein L13
K02996,"RP-S9, MRPS9, rpsI", small subunit ribosomal protein S9
K02357,"tsf, TSFM", elongation factor Ts
K09903,pyrH, uridylate kinase [EC:2.7.4.22]
K02838,"frr, MRRF, RRF", ribosome recycling factor
K01893,"NARS, asnS", asparaginyl-tRNA synthetase [EC:6.1.1.22]
K03781,"katE, CAT, catB, srpA", catalase [EC:1.11.1.6]
K02477,K02477," two-component system, LytTR family, response regulator"
K07683,nreB," two-component system, NarL family, sensor histidine kinase NreB [EC:2.7.13.3]"
K07692,degU," two-component system, NarL family, response regulator DegU"
K03092,rpoN, RNA polymerase sigma-54 factor
K01424,"E3.5.1.1, ansA, ansB", L-asparaginase [EC:3.5.1.1]
K03424,tatD, TatD DNase family protein [EC:3.1.21.-]
K03817,rimL, ribosomal-protein-serine acetyltransferase [EC:2.3.1.-]
K00826,"E2.6.1.42, ilvE", branched-chain amino acid aminotransferase [EC:2.6.1.42]
K00627,"DLAT, aceF, pdhC", pyruvate dehydrogenase E2 component (dihydrolipoamide acetyltransferase) [EC:2.3.1.12]
K02618,paaZ," oxepin-CoA hydrolase / 3-oxo-5,6-dehydrosuberyl-CoA semialdehyde dehydrogenase [EC:3.3.2.12 1.2.1.91]"
K00632,"fadA, fadI", acetyl-CoA acyltransferase [EC:2.3.1.16]
K02614,paaI, acyl-CoA thioesterase [EC:3.1.2.-]
K00074,"paaH, hbd, fadB, mmgB", 3-hydroxybutyryl-CoA dehydrogenase [EC:1.1.1.157]
K15866,paaG," 2-(1,2-epoxy-1,2-dihydrophenyl)acetyl-CoA isomerase [EC:5.3.3.18]"
K02612,paaD," ring-1,2-phenylacetyl-CoA epoxidase subunit PaaD"
K02611,paaC," ring-1,2-phenylacetyl-CoA epoxidase subunit PaaC [EC:1.14.13.149]"
K02610,paaB," ring-1,2-phenylacetyl-CoA epoxidase subunit PaaB"
K02609,paaA," ring-1,2-phenylacetyl-CoA epoxidase subunit PaaA [EC:1.14.13.149]"
K02613,paaE," ring-1,2-phenylacetyl-CoA epoxidase subunit PaaE"
K22108,kstR2," TetR/AcrR family transcriptional regulator, cholesterol catabolism regulator"
K01337,E3.4.21.50, lysyl endopeptidase [EC:3.4.21.50]
K01872,"AARS, alaS", alanyl-tRNA synthetase [EC:6.1.1.7]
K03744,lemA, LemA protein
K03977,"engA, der", GTPase
K03595,"era, ERAL1", GTPase
K03310,TC.AGCS," alanine or glycine:cation symporter, AGCS family"
K00059,"fabG, OAR1", 3-oxoacyl-[acyl-carrier protein] reductase [EC:1.1.1.100]
K00647,fabB, 3-oxoacyl-[acyl-carrier-protein] synthase I [EC:2.3.1.41]
K02078,acpP, acyl carrier protein
K00648,fabH, 3-oxoacyl-[acyl-carrier-protein] synthase III [EC:2.3.1.180]
K01990,ABC-2.A, ABC-2 type transport system ATP-binding protein
K01992,ABC-2.P, ABC-2 type transport system permease protein
K21460,sfmM2, L-tyrosine C(3)-methyltransferase [EC:2.1.1.304]
K09458,"fabF, OXSM, CEM1", 3-oxoacyl-[acyl-carrier-protein] synthase II [EC:2.3.1.179]
K01912,paaK, phenylacetate-CoA ligase [EC:6.2.1.30]
K03088,rpoE," RNA polymerase sigma-70 factor, ECF subfamily"
K11355,rcp1," two-component system, chemotaxis family, response regulator Rcp1"
K03733,xerC, integrase/recombinase XerC
K02014,TC.FEV.OM, iron complex outermembrane recepter protein
K01467,ampC, beta-lactamase class C [EC:3.5.2.6]
K07696,nreC," two-component system, NarL family, response regulator NreC"
K13730,inlA, internalin A
K08676,tri, tricorn protease [EC:3.4.21.-]
K09117,K09117, uncharacterized protein
K03590,ftsA, cell division protein FtsA
K02563,murG, UDP-N-acetylglucosamine--N-acetylmuramyl-(pentapeptide) pyrophosphoryl-undecaprenol N-acetylglucosamine transferase [EC:2.4.1.227]
K03588,"ftsW, spoVE", cell division protein FtsW
K01925,murD, UDP-N-acetylmuramoylalanine--D-glutamate ligase [EC:6.3.2.9]
K01000,mraY, phospho-N-acetylmuramoyl-pentapeptide-transferase [EC:2.7.8.13]
K01928,murE," UDP-N-acetylmuramoyl-L-alanyl-D-glutamate--2,6-diaminopimelate ligase [EC:6.3.2.13]"
K08384,spoVD, stage V sporulation protein D (sporulation-specific penicillin-binding protein)
K03438,"mraW, rsmH", 16S rRNA (cytosine1402-N4)-methyltransferase [EC:2.1.1.199]
K03925,mraZ, MraZ protein
K16050,hsaD," 4,5:9,10-diseco-3-hydroxy-5,9,17-trioxoandrosta-1(10),2-diene-4-oate hydrolase [EC:3.7.1.17]"
K03978,engB, GTP-binding protein
K06941,rlmN, 23S rRNA (adenine2503-C2)-methyltransferase [EC:2.1.1.192]
K07568,queA, S-adenosylmethionine:tRNA ribosyltransferase-isomerase [EC:2.4.99.17]
K00800,aroA, 3-phosphoshikimate 1-carboxyvinyltransferase [EC:2.5.1.19]
K06949,"rsgA, engC", ribosome biogenesis GTPase / thiamine phosphate phosphatase [EC:3.6.1.- 3.1.3.100]
K00220,tyrC, cyclohexadieny/prephenate dehydrogenase [EC:1.3.1.43 1.3.1.12]
K10206,E2.6.1.83, LL-diaminopimelate aminotransferase [EC:2.6.1.83]
K14170,pheA, chorismate mutase / prephenate dehydratase [EC:5.4.99.5 4.2.1.51]
K00639,"kbl, GCAT", glycine C-acetyltransferase [EC:2.3.1.29]
K03719,lrp," Lrp/AsnC family transcriptional regulator, leucine-responsive regulatory protein"
K00297,"metF, MTHFR", methylenetetrahydrofolate reductase (NADPH) [EC:1.5.1.20]
K00548,"metH, MTR", 5-methyltetrahydrofolate--homocysteine methyltransferase [EC:2.1.1.13]
K04755,fdx," ferredoxin, 2Fe-2S"
K00384,"trxB, TRR", thioredoxin reductase (NADPH) [EC:1.8.1.9]
K02302,cysG, uroporphyrin-III C-methyltransferase / precorrin-2 dehydrogenase / sirohydrochlorin ferrochelatase [EC:2.1.1.107 1.3.1.76 4.99.1.4]
K02303,cobA, uroporphyrin-III C-methyltransferase [EC:2.1.1.107]
K02045,cysA, sulfate/thiosulfate transport system ATP-binding protein [EC:7.3.2.3]
K10778,ada," AraC family transcriptional regulator, regulatory protein of adaptative response / methylated-DNA-[protein]-cysteine methyltransferase [EC:2.1.1.63]"
K03576,metR," LysR family transcriptional regulator, regulator for metE and metH"
K03650,"mnmE, trmE, MSS1", tRNA modification GTPase [EC:3.6.-.-]
K03320,"amt, AMT, MEP"," ammonium transporter, Amt family"
K04751,glnB, nitrogen regulatory protein P-II 1
K00284,"GLU, gltS", glutamate synthase (ferredoxin) [EC:1.4.7.1]
K00266,gltD, glutamate synthase (NADPH) small chain [EC:1.4.1.13]
K09761,rsmE, 16S rRNA (uracil1498-N3)-methyltransferase [EC:2.1.1.193]
K01409,"KAE1, tsaD, QRI7", N6-L-threonylcarbamoyladenine synthase [EC:2.3.1.234]
K00850,"pfkA, PFK", 6-phosphofructokinase 1 [EC:2.7.1.11]
K01821,"praC, xylH", 4-oxalocrotonate tautomerase [EC:5.3.2.6]
K00824,dat, D-alanine transaminase [EC:2.6.1.21]
K07735,algH, putative transcriptional regulator
K03530,hupB, DNA-binding protein HU-beta
K00604,"MTFMT, fmt", methionyl-tRNA formyltransferase [EC:2.1.2.9]
K07302,iorA, isoquinoline 1-oxidoreductase subunit alpha [EC:1.3.99.16]
K00087,"ygeS, xdhA", xanthine dehydrogenase molybdenum-binding subunit [EC:1.17.1.4]
K19190,nboR, nicotine blue oxidoreductase [EC:1.1.1.328]
K00790,murA, UDP-N-acetylglucosamine 1-carboxyvinyltransferase [EC:2.5.1.7]
K03696,clpC, ATP-dependent Clp protease ATP-binding subunit ClpC
K02469,gyrA, DNA gyrase subunit A [EC:5.6.2.2]
K15657,"srfATE, srfAD, lchAD", external thioesterase TEII
K06158,ABCF3," ATP-binding cassette, subfamily F, member 3"
K06168,miaB, tRNA-2-methylthio-N6-dimethylallyladenosine synthase [EC:2.8.4.3]
K04078,"groES, HSPE1", chaperonin GroES
K01638,"aceB, glcB", malate synthase [EC:2.3.3.9]
K01637,"E4.1.3.1, aceA", isocitrate lyase [EC:4.1.3.1]
K08968,msrC, L-methionine (R)-S-oxide reductase [EC:1.8.4.14]
K01784,"galE, GALE", UDP-glucose 4-epimerase [EC:5.1.3.2]
K03525,coaX, type III pantothenate kinase [EC:2.7.1.33]
K01466,allB, allantoinase [EC:3.5.2.5]
K00721,DPM1, dolichol-phosphate mannosyltransferase [EC:2.4.1.83]
K01610,"E4.1.1.49, pckA", phosphoenolpyruvate carboxykinase (ATP) [EC:4.1.1.49]
K03718,asnC," Lrp/AsnC family transcriptional regulator, regulator for asnA, asnC and gidA"
K00259,ald, alanine dehydrogenase [EC:1.4.1.1]
K15383,K15383, MtN3 and saliva related transmembrane protein
K01869,"LARS, leuS", leucyl-tRNA synthetase [EC:6.1.1.4]
K13292,"lgt, umpA", phosphatidylglycerol---prolipoprotein diacylglyceryl transferase [EC:2.5.1.145]
K06153,bacA, undecaprenyl-diphosphatase [EC:3.6.1.27]
K03177,"truB, PUS4, TRUB1", tRNA pseudouridine55 synthase [EC:5.4.99.25]
K01246,tag, DNA-3-methyladenine glycosylase I [EC:3.2.2.20]
K00761,"upp, UPRT", uracil phosphoribosyltransferase [EC:2.4.2.9]
K00684,aat, leucyl/phenylalanyl-tRNA---protein transferase [EC:2.3.2.6]
K03624,greA, transcription elongation factor GreA
K03150,thiH, 2-iminoacetate synthase [EC:4.1.99.19]
K03149,thiG, thiazole synthase [EC:2.8.1.10]
K00788,thiE, thiamine-phosphate pyrophosphorylase [EC:2.5.1.3]
K00941,thiD, hydroxymethylpyrimidine/phosphomethylpyrimidine kinase [EC:2.7.1.49 2.7.4.7]
K03147,thiC, phosphomethylpyrimidine synthase [EC:4.1.99.17]
K07713,"zraR, hydG"," two-component system, NtrC family, response regulator HydG"
K15034,yaeJ, ribosome-associated protein
K06211,nadR," HTH-type transcriptional regulator, transcriptional repressor of NAD biosynthesis genes [EC:2.7.7.1 2.7.1.22]"
K03811,pnuC, nicotinamide mononucleotide transporter
K01251,"E3.3.1.1, ahcY", adenosylhomocysteinase [EC:3.3.1.1]
K02899,"RP-L27, MRPL27, rpmA", large subunit ribosomal protein L27
K03111,ssb, single-strand DNA-binding protein
K08301,"rng, cafA", ribonuclease G [EC:3.1.26.-]
K01012,bioB, biotin synthase [EC:2.8.1.6]
K01935,bioD, dethiobiotin synthetase [EC:6.3.3.3]
K02112,"ATPF1B, atpD", F-type H+/Na+-transporting ATPase subunit beta [EC:7.1.2.2 7.2.2.1]
K00820,"glmS, GFPT", glutamine---fructose-6-phosphate transaminase (isomerizing) [EC:2.6.1.16]
K00703,glgA, starch synthase [EC:2.4.1.21]
K01918,panC, pantoate--beta-alanine ligase [EC:6.3.2.1]
K01579,panD, aspartate 1-decarboxylase [EC:4.1.1.11]
K04485,"radA, sms", DNA repair protein RadA/Sms
K03327,"TC.MATE, SLC47A, norM, mdtK, dinF"," multidrug resistance protein, MATE family"
K03269,lpxH," UDP-2,3-diacylglucosamine hydrolase [EC:3.6.1.54]"
K02010,"afuC, fbpC", iron(III) transport system ATP-binding protein [EC:7.2.2.7]
K00133,asd, aspartate-semialdehyde dehydrogenase [EC:1.2.1.11]
K03282,mscL, large conductance mechanosensitive channel
K01775,alr, alanine racemase [EC:5.1.1.1]
K00857,"tdk, TK", thymidine kinase [EC:2.7.1.21]
K07056,rsmI, 16S rRNA (cytidine1402-2'-O)-methyltransferase [EC:2.1.1.198]
K07462,recJ, single-stranded-DNA-specific exonuclease [EC:3.1.-.-]
K01911,menE, O-succinylbenzoic acid---CoA ligase [EC:6.2.1.26]
K00425,cydA, cytochrome bd ubiquinol oxidase subunit I [EC:7.1.1.7]
K00426,cydB, cytochrome bd ubiquinol oxidase subunit II [EC:7.1.1.7]
K07705,"lytT, lytR"," two-component system, LytTR family, response regulator LytT"
K04761,oxyR," LysR family transcriptional regulator, hydrogen peroxide-inducible genes activator"
K03767,PPIA, peptidyl-prolyl cis-trans isomerase A (cyclophilin A) [EC:5.2.1.8]
K03885,ndh, NADH dehydrogenase [EC:1.6.99.3]
K05817,hcaR," LysR family transcriptional regulator, hca operon transcriptional activator"
K03218,rlmB, 23S rRNA (guanosine2251-2'-O)-methyltransferase [EC:2.1.1.185]
K03555,mutS, DNA mismatch repair protein MutS
K13613,pksM, polyketide synthase PksM
K13444,"SUMF1, FGE", formylglycine-generating enzyme [EC:1.8.3.7]
K15987,hppA, K(+)-stimulated pyrophosphate-energized sodium pump
K01507,ppa, inorganic pyrophosphatase [EC:3.6.1.1]
K22432,carE, caffeyl-CoA reductase-Etf complex subunit CarE [EC:1.3.1.108]
K00560,"thyA, TYMS", thymidylate synthase [EC:2.1.1.45]
K18912,egtB, gamma-glutamyl hercynylcysteine S-oxide synthase [EC:1.14.99.50]
K18911,egtD, L-histidine Nalpha-methyltransferase [EC:2.1.1.44]
K01738,cysK, cysteine synthase [EC:2.5.1.47]
K00645,"fabD, MCAT, MCT1", [acyl-carrier-protein] S-malonyltransferase [EC:2.3.1.39]
K22589,thadh, threo-3-hydroxy-L-aspartate ammonia-lyase [EC:4.3.1.16]
K15268,eamA, O-acetylserine/cysteine efflux transporter
K13017,"wbpE, wlbC", UDP-2-acetamido-2-deoxy-ribo-hexuluronate aminotransferase [EC:2.6.1.98]
K02527,"kdtA, waaA", 3-deoxy-D-manno-octulosonic-acid transferase [EC:2.4.99.12 2.4.99.13 2.4.99.14 2.4.99.15]
K15519,dck, deoxyadenosine/deoxycytidine kinase [EC:2.7.1.76 2.7.1.74]
K00789,metK, S-adenosylmethionine synthetase [EC:2.5.1.6]
K01740,metY, O-acetylhomoserine (thiol)-lyase [EC:2.5.1.49]
K00641,metX, homoserine O-acetyltransferase/O-succinyltransferase [EC:2.3.1.31 2.3.1.46]
K12524,thrA, bifunctional aspartokinase / homoserine dehydrogenase 1 [EC:2.7.2.4 1.1.1.3]
K07397,yhfA, putative redox protein
K01761,E4.4.1.11, methionine-gamma-lyase [EC:4.4.1.11]
K00390,cysH, phosphoadenosine phosphosulfate reductase [EC:1.8.4.8 1.8.4.10]
K02455,gspF, general secretion pathway protein F
K03841,"FBP, fbp"," fructose-1,6-bisphosphatase I [EC:3.1.3.11]"
K00928,lysC, aspartate kinase [EC:2.7.2.4]
K03741,arsC, arsenate reductase (thioredoxin) [EC:1.20.4.4]
K03823,"pat, bar", phosphinothricin acetyltransferase [EC:2.3.1.183]
K22982,K22982, hydroxypyruvate reductase [EC:1.1.1.81]
K06213,mgtE, magnesium transporter
K02528,ksgA, 16S rRNA (adenine1518-N6/adenine1519-N6)-dimethyltransferase [EC:2.1.1.182]
K01875,"SARS, serS", seryl-tRNA synthetase [EC:6.1.1.11]
K11753,ribF, riboflavin kinase / FMN adenylyltransferase [EC:2.7.1.26 2.7.7.2]
K02897,"RP-L25, rplY", large subunit ribosomal protein L25
K00948,"PRPS, prsA", ribose-phosphate pyrophosphokinase [EC:2.7.6.1]
K01118,"acpD, azoR", FMN-dependent NADH-azoreductase [EC:1.7.1.17]
K00526,"E1.17.4.1B, nrdB, nrdF", ribonucleoside-diphosphate reductase beta chain [EC:1.17.4.1]
K00525,"E1.17.4.1A, nrdA, nrdE", ribonucleoside-diphosphate reductase alpha chain [EC:1.17.4.1]
K06188,aqpZ, aquaporin Z
K01662,dxs, 1-deoxy-D-xylulose-5-phosphate synthase [EC:2.2.1.7]
K11991,tadA, tRNA(adenine34) deaminase [EC:3.5.4.33]
K03763,polC," DNA polymerase III subunit alpha, Gram-positive type [EC:2.7.7.7]"
K03704,cspA, cold shock protein
K01876,aspS, aspartyl-tRNA synthetase [EC:6.1.1.12]
K03311,TC.LIVCS," branched-chain amino acid:cation transporter, LIVCS family"
K00946,thiL, thiamine-monophosphate kinase [EC:2.7.4.16]
K00428,E1.11.1.5, cytochrome c peroxidase [EC:1.11.1.5]
K15724,erpA, iron-sulfur cluster insertion protein
K09014,sufB, Fe-S cluster assembly protein SufB
K09013,sufC, Fe-S cluster assembly ATP-binding protein
K09015,sufD, Fe-S cluster assembly protein SufD
K11717,sufS, cysteine desulfurase / selenocysteine lyase [EC:2.8.1.7 4.4.1.16]
K02426,sufE, cysteine desulfuration protein SufE
K04750,phnB, PhnB protein
K01262,pepP, Xaa-Pro aminopeptidase [EC:3.4.11.9]
K00873,"PK, pyk", pyruvate kinase [EC:2.7.1.40]
K03685,"rnc, DROSHA, RNT1", ribonuclease III [EC:3.1.26.3]
K11175,purN, phosphoribosylglycinamide formyltransferase 1 [EC:2.1.2.2]
K03469,"rnhA, RNASEH1", ribonuclease HI [EC:3.1.26.4]
K00764,"purF, PPAT", amidophosphoribosyltransferase [EC:2.4.2.14]
K20861,ybjI, FMN hydrolase / 5-amino-6-(5-phospho-D-ribitylamino)uracil phosphatase [EC:3.1.3.102 3.1.3.104]
K03596,lepA, GTP-binding protein LepA
K05540,dusB, tRNA-dihydrouridine synthase B [EC:1.-.-.-]
K09808,lolC_E, lipoprotein-releasing system permease protein
K02834,rbfA, ribosome-binding factor A
K05606,"MCEE, epi", methylmalonyl-CoA/ethylmalonyl-CoA epimerase [EC:5.1.99.1]
K00793,"ribE, RIB5", riboflavin synthase [EC:2.5.1.9]
K22024,pdxA2, 4-phospho-D-threonate 3-dehydrogenase / 4-phospho-D-erythronate 3-dehydrogenase [EC:1.1.1.408 1.1.1.409]
K02160,"accB, bccP", acetyl-CoA carboxylase biotin carboxyl carrier protein
K01961,accC," acetyl-CoA carboxylase, biotin carboxylase subunit [EC:6.4.1.2 6.3.4.14]"
K03814,mtgA, monofunctional glycosyltransferase [EC:2.4.1.129]
K02337,dnaE, DNA polymerase III subunit alpha [EC:2.7.7.7]
K02346,dinB, DNA polymerase IV [EC:2.7.7.7]
K07106,murQ, N-acetylmuramic acid 6-phosphate etherase [EC:4.2.1.126]
K07130,kynB, arylformamidase [EC:3.5.1.9]
K23184,fecE, ferric citrate transport system ATP-binding protein [EC:7.2.2.18]
K01923,purC, phosphoribosylaminoimidazole-succinocarboxamide synthase [EC:6.3.2.6]
K05592,"deaD, cshA", ATP-dependent RNA helicase DeaD [EC:3.6.4.13]
K01463,bshB1, N-acetylglucosamine malate deacetylase 1 [EC:3.5.1.-]
K03386,"PRDX2_4, ahpC", peroxiredoxin 2/4 [EC:1.11.1.24]
K11065,tpx, thioredoxin-dependent peroxiredoxin [EC:1.11.1.24]
K00901,"dgkA, DGK", diacylglycerol kinase (ATP) [EC:2.7.1.107]
K03466,"ftsK, spoIIIE"," DNA segregation ATPase FtsK/SpoIIIE, S-DNA-T family"
K14652,ribBA," 3,4-dihydroxy 2-butanone 4-phosphate synthase / GTP cyclohydrolase II [EC:4.1.99.12 3.5.4.25]"
K02884,"RP-L19, MRPL19, rplS", large subunit ribosomal protein L19
K14445,SLC13A2_3_5," solute carrier family 13 (sodium-dependent dicarboxylate transporter), member 2/3/5"
K00554,trmD, tRNA (guanine37-N1)-methyltransferase [EC:2.1.1.228]
K00134,"GAPDH, gapA", glyceraldehyde 3-phosphate dehydrogenase [EC:1.2.1.12]
K04771,"degP, htrA", serine protease Do [EC:3.4.21.107]
K01778,dapF, diaminopimelate epimerase [EC:5.1.1.7]
K00657,"speG, SAT", diamine N-acetyltransferase [EC:2.3.1.57]
K07082,K07082, UPF0755 protein
K01104,E3.1.3.48, protein-tyrosine phosphatase [EC:3.1.3.48]
K02313,dnaA, chromosomal replication initiator protein
K07107,ybgC, acyl-CoA thioester hydrolase [EC:3.1.2.-]
K21063,K21063, 5-amino-6-(5-phospho-D-ribitylamino)uracil phosphatase [EC:3.1.3.104]
K11752,ribD, diaminohydroxyphosphoribosylaminopyrimidine deaminase / 5-amino-6-(5-phosphoribosylamino)uracil reductase [EC:3.5.4.26 1.1.1.193]
K01714,dapA, 4-hydroxy-tetrahydrodipicolinate synthase [EC:4.3.3.7]
K03631,recN, DNA repair protein RecN (Recombination protein N)
K00208,fabI, enoyl-[acyl-carrier protein] reductase I [EC:1.3.1.9 1.3.1.10]
K00859,coaE, dephospho-CoA kinase [EC:2.7.1.24]
K07658,"phoB1, phoP"," two-component system, OmpR family, alkaline phosphatase synthesis response regulator PhoP"
K00791,"miaA, TRIT1", tRNA dimethylallyltransferase [EC:2.5.1.75]
K02342,dnaQ, DNA polymerase III subunit epsilon [EC:2.7.7.7]
K06997,"yggS, PROSC", PLP dependent protein
K16043,iolX, scyllo-inositol 2-dehydrogenase (NAD+) [EC:1.1.1.370]
K00573,"E2.1.1.77, pcm", protein-L-isoaspartate(D-aspartate) O-methyltransferase [EC:2.1.1.77]
K03664,smpB, SsrA-binding protein
K18939,"lmrA, yxaF"," TetR/AcrR family transcriptional regulator, lmrAB and yxaGH operons repressor"
K03655,recG, ATP-dependent DNA helicase RecG [EC:3.6.4.12]
K21613,scmP, N-acetylcysteine deacetylase [EC:3.5.1.-]
K17831,lodA, L-lysine 6-oxidase [EC:1.4.3.20]
K05916,"hmp, YHB1", nitric oxide dioxygenase [EC:1.14.12.17]
K00757,"udp, UPP", uridine phosphorylase [EC:2.4.2.3]
K21036,vldW, validamycin A dioxygenase [EC:1.14.11.52]
K13015,wbpA, UDP-N-acetyl-D-glucosamine dehydrogenase [EC:1.1.1.136]
K19294,algI, alginate O-acetyltransferase complex protein AlgI
K19424,epsF, glycosyltransferase EpsF [EC:2.4.-.-]
K01953,"asnB, ASNS", asparagine synthase (glutamine-hydrolysing) [EC:6.3.5.4]
K15914,pglA," N,N'-diacetylbacillosaminyl-diphospho-undecaprenol alpha-1,3-N-acetylgalactosaminyltransferase [EC:2.4.1.290]"
K15915,pglC," undecaprenyl phosphate N,N'-diacetylbacillosamine 1-phosphate transferase [EC:2.7.8.36]"
K19429,epsM, acetyltransferase EpsM [EC:2.3.1.-]
K19430,epsN, pyridoxal phosphate-dependent aminotransferase EpsN [EC:2.6.1.-]
K15912,pglF," UDP-N-acetyl-D-glucosamine 4,6-dehydratase [EC:4.2.1.135]"
K00765,hisG, ATP phosphoribosyltransferase [EC:2.4.2.17]
K00013,hisD, histidinol dehydrogenase [EC:1.1.1.23]
K00817,hisC, histidinol-phosphate aminotransferase [EC:2.6.1.9]
K01089,hisB, imidazoleglycerol-phosphate dehydratase / histidinol-phosphatase [EC:4.2.1.19 3.1.3.15]
K02501,hisH, imidazole glycerol-phosphate synthase subunit HisH [EC:4.3.2.10]
K01814,hisA, phosphoribosylformimino-5-aminoimidazole carboxamide ribotide isomerase [EC:5.3.1.16]
K02500,hisF, imidazole glycerol-phosphate synthase subunit HisF [EC:4.3.2.10]
K02945,"RP-S1, rpsA", small subunit ribosomal protein S1
K00138,aldB, aldehyde dehydrogenase [EC:1.2.1.-]
K02825,pyrR, pyrimidine operon attenuation protein / uracil phosphoribosyltransferase [EC:2.4.2.9]
K00609,"pyrB, PYR2", aspartate carbamoyltransferase catalytic subunit [EC:2.1.3.2]
K00784,rnz, ribonuclease Z [EC:3.1.26.11]
K00275,"pdxH, PNPO", pyridoxamine 5'-phosphate oxidase [EC:1.4.3.5]
K00937,ppk, polyphosphate kinase [EC:2.7.4.1]
K01524,ppx-gppA," exopolyphosphatase / guanosine-5'-triphosphate,3'-diphosphate pyrophosphatase [EC:3.6.1.11 3.6.1.40]"
K21561,ntcA," CRP/FNR family transcriptional regulator, global nitrogen regulator"
K13560,btrK, L-glutamyl-[BtrI acyl-carrier protein] decarboxylase [EC:4.1.1.95]
K01897,"ACSL, fadD", long-chain acyl-CoA synthetase [EC:6.2.1.3]
K00140,"mmsA, iolA, ALDH6A1", malonate-semialdehyde dehydrogenase (acetylating) / methylmalonate-semialdehyde dehydrogenase [EC:1.2.1.18 1.2.1.27]
K03695,clpB, ATP-dependent Clp protease ATP-binding subunit ClpB
K06886,glbN, hemoglobin
K10914,crp," CRP/FNR family transcriptional regulator, cyclic AMP receptor protein"
K00600,"glyA, SHMT", glycine hydroxymethyltransferase [EC:2.1.2.1]
K03101,lspA, signal peptidase II [EC:3.4.23.36]
K11085,msbA," ATP-binding cassette, subfamily B, bacterial MsbA [EC:3.6.3.-]"
K07038,K07038, inner membrane protein
K11927,rhlE, ATP-dependent RNA helicase RhlE [EC:3.6.4.13]
K01665,pabB, para-aminobenzoate synthetase component I [EC:2.6.1.85]
K04075,"tilS, mesJ", tRNA(Ile)-lysidine synthase [EC:6.3.4.19]
K04084,"dsbD, dipZ", thioredoxin:protein disulfide reductase [EC:1.8.4.16]
K21017,cocE, cocaine esterase [EC:3.1.1.84]
K01176,"AMY, amyA, malS", alpha-amylase [EC:3.2.1.1]
K21572,susD," starch-binding outer membrane protein, SusD/RagB family"
K21573,susC, TonB-dependent starch-binding outer membrane protein SusC
K01838,pgmB, beta-phosphoglucomutase [EC:5.4.2.6]
K01208,"cd, ma, nplT", cyclomaltodextrinase / maltogenic alpha-amylase / neopullulanase [EC:3.2.1.54 3.2.1.133 3.2.1.135]
K07648,arcB," two-component system, OmpR family, aerobic respiration control sensor histidine kinase ArcB [EC:2.7.13.3]"
K07386,pepO, putative endopeptidase [EC:3.4.24.-]
K07391,comM, magnesium chelatase family protein
K03322,mntH, manganese transport protein
K07160,pxpA, 5-oxoprolinase (ATP-hydrolysing) subunit A [EC:3.5.2.9]
K06351,kipI, inhibitor of KinA
K06350,kipA, antagonist of KipI
K07777,degS," two-component system, NarL family, sensor histidine kinase DegS [EC:2.7.13.3]"
K01687,ilvD, dihydroxy-acid dehydratase [EC:4.2.1.9]
K01652,"E2.2.1.6L, ilvB, ilvG, ilvI", acetolactate synthase I/II/III large subunit [EC:2.2.1.6]
K01653,"E2.2.1.6S, ilvH, ilvN", acetolactate synthase I/III small subunit [EC:2.2.1.6]
K00053,ilvC, ketol-acid reductoisomerase [EC:1.1.1.86]
K01754,"E4.3.1.19, ilvA, tdcB", threonine dehydratase [EC:4.3.1.19]
K01940,"argG, ASS1", argininosuccinate synthase [EC:6.3.4.5]
K00145,argC, N-acetyl-gamma-glutamyl-phosphate reductase [EC:1.2.1.38]
K00286,proC, pyrroline-5-carboxylate reductase [EC:1.5.1.2]
K00821,argD, acetylornithine/N-succinyldiaminopimelate aminotransferase [EC:2.6.1.11 2.6.1.17]
K00147,proA, glutamate-5-semialdehyde dehydrogenase [EC:1.2.1.41]
K00931,proB, glutamate 5-kinase [EC:2.7.2.11]
K13043,argF, N-succinyl-L-ornithine transcarbamylase [EC:2.1.3.11]
K00930,argB, acetylglutamate kinase [EC:2.7.2.8]
K01438,argE, acetylornithine deacetylase [EC:3.5.1.16]
K01755,"argH, ASL", argininosuccinate lyase [EC:4.3.2.1]
K01966,"PCCB, pccB", propionyl-CoA carboxylase beta chain [EC:6.4.1.3 2.1.3.15]
K11263,"bccA, pccA"," acetyl-CoA/propionyl-CoA carboxylase, biotin carboxylase, biotin carboxyl carrier protein [EC:6.4.1.2 6.4.1.3 6.3.4.14]"
K01682,acnB, aconitate hydratase 2 / 2-methylisocitrate dehydratase [EC:4.2.1.3 4.2.1.99]
K05595,marC, multiple antibiotic resistance protein
K22041,comR," TetR/AcrR family transcriptional regulator, copper-responsive repressor"
K19092,parE1_3_4, toxin ParE1/3/4
K07746,parD1_3_4, antitoxin ParD1/3/4
K02529,"lacI, galR", LacI family transcriptional regulator
K00852,"rbsK, RBKS", ribokinase [EC:2.7.1.15]
K01250,rihA, pyrimidine-specific ribonucleoside hydrolase [EC:3.2.-.-]
K11537,xapB," MFS transporter, NHS family, xanthosine permease"
K18908,mepA, multidrug efflux pump
K13745,ddc," L-2,4-diaminobutyrate decarboxylase [EC:4.1.1.86]"
K03897,iucD, lysine N6-hydroxylase [EC:1.14.13.59]
K03895,iucC, aerobactin synthase [EC:6.3.2.39]
K01760,metC, cysteine-S-conjugate beta-lyase [EC:4.4.1.13]
K13010,"per, rfbE", perosamine synthetase [EC:2.6.1.102]
K00364,"E1.7.1.7, guaC", GMP reductase [EC:1.7.1.7]
K02232,"cobQ, cbiP", adenosylcobyric acid synthase [EC:6.3.5.10]
K04720,cobD, threonine-phosphate decarboxylase [EC:4.1.1.81]
K02227,"cbiB, cobD", adenosylcobinamide-phosphate synthase [EC:6.3.1.10]
K03795,cbiX, sirohydrochlorin cobaltochelatase [EC:4.99.1.3]
K02503,"HINT1, hinT, hit", histidine triad (HIT) family protein
K02230,cobN, cobaltochelatase CobN [EC:6.6.1.2]
K02224,cobB-cbiA," cobyrinic acid a,c-diamide synthase [EC:6.3.5.9 6.3.5.11]"
K01958,"PC, pyc", pyruvate carboxylase [EC:6.4.1.1]
K09861,K09861, uncharacterized protein
K06180,rluD, 23S rRNA pseudouridine1911/1915/1917 synthase [EC:5.4.99.23]
K01921,ddl, D-alanine-D-alanine ligase [EC:6.3.2.4]
K00954,"E2.7.7.3A, coaD, kdtB", pantetheine-phosphate adenylyltransferase [EC:2.7.7.3]
K03321,TC.SULP," sulfate permease, SulP family"
K09710,ybeB, ribosome-associated protein
K01613,"psd, PISD", phosphatidylserine decarboxylase [EC:4.1.1.65]
K01873,"VARS, valS", valyl-tRNA synthetase [EC:6.1.1.9]
K00812,aspB, aspartate aminotransferase [EC:2.6.1.1]
K00075,murB, UDP-N-acetylmuramate dehydrogenase [EC:1.3.1.98]
K03644,"lipA, LIAS, LIP1, LIP5", lipoyl synthase [EC:2.8.1.8]
K00912,lpxK, tetraacyldisaccharide 4'-kinase [EC:2.7.1.130]
K02968,"RP-S20, rpsT", small subunit ribosomal protein S20
K01881,"PARS, proS", prolyl-tRNA synthetase [EC:6.1.1.15]
K01495,"GCH1, folE", GTP cyclohydrolase IA [EC:3.5.4.16]
K01883,"CARS, cysS", cysteinyl-tRNA synthetase [EC:6.1.1.16]
K02835,"prfA, MTRF1, MRF1", peptide chain release factor 1
K03305,TC.POT," proton-dependent oligopeptide transporter, POT family"
K01933,purM, phosphoribosylformylglycinamidine cyclo-ligase [EC:6.3.3.1]
K01915,"glnA, GLUL", glutamine synthetase [EC:6.3.1.2]
K07301,yrbG, cation:H+ antiporter
K00759,"APRT, apt", adenine phosphoribosyltransferase [EC:2.4.2.7]
K03723,mfd, transcription-repair coupling factor (superfamily II helicase) [EC:3.6.4.-]
K01297,ldcA, muramoyltetrapeptide carboxypeptidase [EC:3.4.17.13]
K01874,"MARS, metG", methionyl-tRNA synthetase [EC:6.1.1.10]
K04768,acuC, acetoin utilization protein AcuC
K00245,frdB, fumarate reductase iron-sulfur subunit [EC:1.3.5.4]
K14287,ybdL, methionine transaminase [EC:2.6.1.88]
K01768,E4.6.1.1, adenylate cyclase [EC:4.6.1.1]
K08693,yfkN," 2',3'-cyclic-nucleotide 2'-phosphodiesterase / 3'-nucleotidase / 5'-nucleotidase [EC:3.1.4.16 3.1.3.6 3.1.3.5]"
K13051,"ASRGL1, iaaA", L-asparaginase / beta-aspartyl-peptidase [EC:3.5.1.1 3.4.19.5]
K06950,K06950, uncharacterized protein
K03921,"FAB2, SSI2, desA1", acyl-[acyl-carrier-protein] desaturase [EC:1.14.19.2 1.14.19.11 1.14.19.26]
K04759,feoB, ferrous iron transport protein B
K11749,rseP, regulator of sigma E protease [EC:3.4.24.-]
K18797,blaPER, beta-lactamase class A PER [EC:3.5.2.6]
K17736,cdhR," AraC family transcriptional regulator, carnitine catabolism transcriptional activator"
K00556,trmH, tRNA (guanosine-2'-O-)-methyltransferase [EC:2.1.1.34]
K02338,dnaN, DNA polymerase III subunit beta [EC:2.7.7.7]
K02015,ABC.FEV.P, iron complex transport system permease protein
K22305,psp, phosphoserine phosphatase [EC:3.1.3.3]
K02233,"E2.7.8.26, cobS, cobV", adenosylcobinamide-GDP ribazoletransferase [EC:2.7.8.26]
K00768,"E2.4.2.21, cobU, cobT", nicotinate-nucleotide--dimethylbenzimidazole phosphoribosyltransferase [EC:2.4.2.21]
K16092,btuB, vitamin B12 transporter
K01756,"purB, ADSL", adenylosuccinate lyase [EC:4.3.2.2]
K12410,npdA, NAD-dependent deacetylase [EC:2.3.1.286]
K05523,hchA, D-lactate dehydratase / protein deglycase [EC:4.2.1.130 3.5.1.124]
K18244,mmgC, acyl-CoA dehydrogenase [EC:1.3.99.-]
K16920,ytrE, acetoin utilization transport system ATP-binding protein
K14731,"mlhB, chnC", epsilon-lactone hydrolase [EC:3.1.1.83]
K21567,fnr, ferredoxin/flavodoxin---NADP+ reductase [EC:1.18.1.2 1.19.1.1]
K01783,"rpe, RPE", ribulose-phosphate 3-epimerase [EC:5.1.3.1]
K03086,rpoD, RNA polymerase primary sigma factor
K01698,"hemB, ALAD", porphobilinogen synthase [EC:4.2.1.24]
K00567,"ogt, MGMT", methylated-DNA-[protein]-cysteine S-methyltransferase [EC:2.1.1.63]
K02018,modB, molybdate transport system permease protein
K02020,modA, molybdate transport system substrate-binding protein
K03183,ubiE," demethylmenaquinone methyltransferase / 2-methoxy-6-polyprenyl-1,4-benzoquinol methylase [EC:2.1.1.163 2.1.1.201]"
K14393,actP, cation/acetate symporter
K00849,galK, galactokinase [EC:2.7.1.6]
K01130,E3.1.6.1, arylsulfatase [EC:3.1.6.1]
K03294,TC.APA," basic amino acid/polyamine antiporter, APA family"
K12256,spuC, putrescine---pyruvate transaminase [EC:2.6.1.113]
K02855,rhaS," AraC family transcriptional regulator, L-rhamnose operon regulatory protein RhaS"
K00135,gabD, succinate-semialdehyde dehydrogenase / glutarate-semialdehyde dehydrogenase [EC:1.2.1.16 1.2.1.79 1.2.1.20]
K00462,bphC," biphenyl-2,3-diol 1,2-dioxygenase [EC:1.13.11.39]"
K00483,hpaB, 4-hydroxyphenylacetate 3-monooxygenase [EC:1.14.14.9]
K10217,"dmpC, xylG, praB", aminomuconate-semialdehyde/2-hydroxymuconate-6-semialdehyde dehydrogenase [EC:1.2.1.32 1.2.1.85]
K21703,"cbbR, cmpR, ndhR"," LysR family transcriptional regulator, low CO2-responsive transcriptional regulator"
K08218,ampG," MFS transporter, PAT family, beta-lactamase induction signal transducer AmpG"
K09001,anmK, anhydro-N-acetylmuramic acid kinase [EC:2.7.1.170]
K00876,"udk, UCK", uridine kinase [EC:2.7.1.48]
K01847,MUT, methylmalonyl-CoA mutase [EC:5.4.99.2]
K03496,"parA, soj", chromosome partitioning protein
K03497,"parB, spo0J"," ParB family transcriptional regulator, chromosome partitioning protein"
K00215,dapB, 4-hydroxy-tetrahydrodipicolinate reductase [EC:1.17.1.8]
K03572,mutL, DNA mismatch repair protein MutL
K00794,"ribH, RIB4"," 6,7-dimethyl-8-ribityllumazine synthase [EC:2.5.1.78]"
K03629,recF, DNA replication and repair protein RecF
K00940,"ndk, NME", nucleoside-diphosphate kinase [EC:2.7.4.6]
K06881,nrnA, bifunctional oligoribonuclease and PAP phosphatase NrnA [EC:3.1.3.7 3.1.13.3]
K01712,"hutU, UROC1", urocanate hydratase [EC:4.2.1.49]
K01468,"hutI, AMDHD1", imidazolonepropionase [EC:3.5.2.7]
K01745,"hutH, HAL", histidine ammonia-lyase [EC:4.3.1.3]
K01669,phrB, deoxyribodipyrimidine photo-lyase [EC:4.1.99.3]
K22230,iolU, scyllo-inositol 2-dehydrogenase (NADP+) [EC:1.1.1.-]
K07456,mutS2, DNA mismatch repair protein MutS2
K03648,"UNG, UDG", uracil-DNA glycosylase [EC:3.2.2.27]
K02340,holA, DNA polymerase III subunit delta [EC:2.7.7.7]
K01679,"E4.2.1.2B, fumC, FH"," fumarate hydratase, class II [EC:4.2.1.2]"
K00537,arsC, arsenate reductase (glutaredoxin) [EC:1.20.4.1]
K02836,prfB, peptide chain release factor 2
K20801,ltaA, L-allo-threonine aldolase [EC:4.1.2.49]
K09946,K09946, uncharacterized protein
K09747,K09747, uncharacterized protein
K01697,CBS, cystathionine beta-synthase [EC:4.2.1.22]
K03701,uvrA, excinuclease ABC subunit A
K10773,NTH, endonuclease III [EC:4.2.99.18]
K03564,"BCP, PRXQ, DOT5", thioredoxin-dependent peroxiredoxin [EC:1.11.1.24]
K18820,agd31B, oligosaccharide 4-alpha-D-glucosyltransferase [EC:2.4.1.161]
K01465,"URA4, pyrC", dihydroorotase [EC:3.5.2.3]
K09022,"ridA, tdcF, RIDA", 2-iminobutanoate/2-iminopropanoate deaminase [EC:3.5.99.10]
K08316,rsmD, 16S rRNA (guanine966-N2)-methyltransferase [EC:2.1.1.171]
K21739,rclA, probable pyridine nucleotide-disulfide oxidoreductase
K01724,"PCBD, phhB", 4a-hydroxytetrahydrobiopterin dehydratase [EC:4.2.1.96]
K06287,maf, septum formation protein
K07671,prrA," two-component system, OmpR family, response regulator PrrA"
K00767,"nadC, QPRT", nicotinate-nucleotide pyrophosphorylase (carboxylating) [EC:2.4.2.19]
K02990,"RP-S6, MRPS6, rpsF", small subunit ribosomal protein S6
K02939,"RP-L9, MRPL9, rplI", large subunit ribosomal protein L9
K01892,"HARS, hisS", histidyl-tRNA synthetase [EC:6.1.1.21]
K07304,msrA, peptide-methionine (S)-S-oxide reductase [EC:1.8.4.11]
K00831,"serC, PSAT1", phosphoserine aminotransferase [EC:2.6.1.52]
K02548,menA," 1,4-dihydroxy-2-naphthoate polyprenyltransferase [EC:2.5.1.74]"
K06020,ettA, energy-dependent translational throttle protein EttA
K06181,rluE, 23S rRNA pseudouridine2457 synthase [EC:5.4.99.20]
K07090,K07090, uncharacterized protein
K06925,tsaE, tRNA threonylcarbamoyladenosine biosynthesis protein TsaE
K02536,lpxD, UDP-3-O-[3-hydroxymyristoyl] glucosamine N-acyltransferase [EC:2.3.1.191]
K00677,lpxA, UDP-N-acetylglucosamine acyltransferase [EC:2.3.1.129]
K02356,efp, elongation factor P
K01902,sucD, succinyl-CoA synthetase alpha subunit [EC:6.2.1.5]
K03569,mreB, rod shape-determining protein MreB and related proteins
K00945,cmk, CMP/dCMP kinase [EC:2.7.4.25]
K06173,"truA, PUS1", tRNA pseudouridine38-40 synthase [EC:5.4.99.12]
K03654,recQ, ATP-dependent DNA helicase RecQ [EC:3.6.4.12]
K12339,cysM, S-sulfo-L-cysteine synthase (O-acetyl-L-serine-dependent) [EC:2.5.1.144]
K00034,gdh, glucose 1-dehydrogenase [EC:1.1.1.47]
K22441,paiA, diamine N-acetyltransferase [EC:2.3.1.57]
K00626,"ACAT, atoB", acetyl-CoA C-acetyltransferase [EC:2.3.1.9]
K16053,"ybdG, mscM", miniconductance mechanosensitive channel
K06942,ychF, ribosome-binding ATPase
K02348,elaA, ElaA protein
K16264,"czcD, zitB", cobalt-zinc-cadmium efflux system protein
K01808,rpiB, ribose 5-phosphate isomerase B [EC:5.3.1.6]
K12573,"rnr, vacB", ribonuclease R [EC:3.1.13.1]
K01886,"QARS, glnS", glutaminyl-tRNA synthetase [EC:6.1.1.18]
K01885,"EARS, gltX", glutamyl-tRNA synthetase [EC:6.1.1.17]
K03495,"gidA, mnmG, MTO1", tRNA uridine 5-carboxymethylaminomethyl modification enzyme
K00602,purH, phosphoribosylaminoimidazolecarboxamide formyltransferase / IMP cyclohydrolase [EC:2.1.2.3 3.5.4.10]
K03570,mreC, rod shape-determining protein MreC
K05515,mrdA, penicillin-binding protein 2 [EC:3.4.16.4]
K01173,ENDOG," endonuclease G, mitochondrial"
K03797,"E3.4.21.102, prc, ctpA", carboxyl-terminal processing protease [EC:3.4.21.102]
K03787,surE, 5'-nucleotidase [EC:3.1.3.5]
K00748,lpxB, lipid-A-disaccharide synthase [EC:2.4.1.182]
K13694,"mepS, spr", murein DD-endopeptidase / murein LD-carboxypeptidase [EC:3.4.-.- 3.4.17.13]
K18574,ptpA, Xaa-Xaa-Pro tripeptidyl-peptidase [EC:3.4.14.12]
K00054,mvaA, hydroxymethylglutaryl-CoA reductase [EC:1.1.1.88]
K00658,"DLST, sucB", 2-oxoglutarate dehydrogenase E2 component (dihydrolipoamide succinyltransferase) [EC:2.3.1.61]
K00164,"OGDH, sucA", 2-oxoglutarate dehydrogenase E1 component [EC:1.2.4.2]
K13787,idsA," geranylgeranyl diphosphate synthase, type I [EC:2.5.1.1 2.5.1.10 2.5.1.29]"
K18138,"acrB, mexB, adeJ, smeE, mtrD, cmeB", multidrug efflux pump
K01358,"clpP, CLPP"," ATP-dependent Clp protease, protease subunit [EC:3.4.21.92]"
K15633,gpmI," 2,3-bisphosphoglycerate-independent phosphoglycerate mutase [EC:5.4.2.12]"
K01265,map, methionyl aminopeptidase [EC:3.4.11.18]
K03734,apbE, FAD:protein FMN transferase [EC:2.7.1.180]
K00350,nqrE, Na+-transporting NADH:ubiquinone oxidoreductase subunit E [EC:7.2.1.1]
K00349,nqrD, Na+-transporting NADH:ubiquinone oxidoreductase subunit D [EC:7.2.1.1]
K00348,nqrC, Na+-transporting NADH:ubiquinone oxidoreductase subunit C [EC:7.2.1.1]
K00347,nqrB, Na+-transporting NADH:ubiquinone oxidoreductase subunit B [EC:7.2.1.1]
K00346,nqrA, Na+-transporting NADH:ubiquinone oxidoreductase subunit A [EC:7.2.1.1]
K06195,apaG, ApaG protein
K00294,E1.2.1.88, 1-pyrroline-5-carboxylate dehydrogenase [EC:1.2.1.88]
K03501,"gidB, rsmG", 16S rRNA (guanine527-N7)-methyltransferase [EC:2.1.1.170]
K22769,desA3, NADPH-dependent stearoyl-CoA 9-desaturase [EC:1.14.19.-]
K03498,"trkH, trkG, ktrB", trk system potassium uptake protein
K03499,"trkA, ktrA", trk system potassium uptake protein
K21514,aviRb, 23S rRNA (uridine2479-2'-O)-methyltransferase [EC:2.1.1.208]
K01624,"FBA, fbaA"," fructose-bisphosphate aldolase, class II [EC:4.1.2.13]"
K01963,accD, acetyl-CoA carboxylase carboxyl transferase subunit beta [EC:6.4.1.2 2.1.3.15]
K02956,"RP-S15, MRPS15, rpsO", small subunit ribosomal protein S15
K00962,"pnp, PNPT1", polyribonucleotide nucleotidyltransferase [EC:2.7.7.8]
K03702,uvrB, excinuclease ABC subunit B
K01903,sucC, succinyl-CoA synthetase beta subunit [EC:6.2.1.5]
K01586,lysA, diaminopimelate decarboxylase [EC:4.1.1.20]
K01951,"guaA, GMPS", GMP synthase (glutamine-hydrolysing) [EC:6.3.5.2]
K01284,dcp, peptidyl-dipeptidase Dcp [EC:3.4.15.5]
K00927,"PGK, pgk", phosphoglycerate kinase [EC:2.7.2.3]
K06959,tex, protein Tex
K01809,"manA, MPI", mannose-6-phosphate isomerase [EC:5.3.1.8]
K01710,"rfbB, rmlB, rffG"," dTDP-glucose 4,6-dehydratase [EC:4.2.1.46]"
K00973,"rfbA, rmlA, rffH", glucose-1-phosphate thymidylyltransferase [EC:2.7.7.24]
K01790,"rfbC, rmlC"," dTDP-4-dehydrorhamnose 3,5-epimerase [EC:5.1.3.13]"
K01735,aroB, 3-dehydroquinate synthase [EC:4.2.3.4]
K00978,rfbF, glucose-1-phosphate cytidylyltransferase [EC:2.7.7.33]
K01709,rfbG," CDP-glucose 4,6-dehydratase [EC:4.2.1.45]"
K13328,spnQ," dTDP-4-dehydro-2,6-dideoxy-D-glucose 3-dehydratase [EC:4.2.1.164]"
K19632,rfbJ, CDP-abequose synthase [EC:1.1.1.341]
K13005,rfbV, abequosyltransferase [EC:2.4.1.60]
K00012,"UGDH, ugd", UDPglucose 6-dehydrogenase [EC:1.1.1.22]
K01945,purD, phosphoribosylamine---glycine ligase [EC:6.3.4.13]
K01704,"leuD, IPMI-S", 3-isopropylmalate/(R)-2-methylmalate dehydratase small subunit [EC:4.2.1.33 4.2.1.35]
K01703,"leuC, IPMI-L", 3-isopropylmalate/(R)-2-methylmalate dehydratase large subunit [EC:4.2.1.33 4.2.1.35]
K01649,"leuA, IMS", 2-isopropylmalate synthase [EC:2.3.3.13]
K06175,truC, tRNA pseudouridine65 synthase [EC:5.4.99.26]
K00606,panB, 3-methyl-2-oxobutanoate hydroxymethyltransferase [EC:2.1.2.11]
K01752,"E4.3.1.17, sdaA, sdaB, tdcG", L-serine dehydratase [EC:4.3.1.17]
K04043,"dnaK, HSPA9", molecular chaperone DnaK
K00681,ggt, gamma-glutamyltranspeptidase / glutathione hydrolase [EC:2.3.2.2 3.4.19.13]
K08682,acpH, acyl carrier protein phosphodiesterase [EC:3.1.4.14]
K01053,"E3.1.1.17, gnl, RGN", gluconolactonase [EC:3.1.1.17]
K12974,lpxP, KDO2-lipid IV(A) palmitoleoyltransferase [EC:2.3.1.242]
K02517,"lpxL, htrB", Kdo2-lipid IVA lauroyltransferase/acyltransferase [EC:2.3.1.241 2.3.1.-]
K05834,rhtB, homoserine/homoserine lactone efflux protein
K00014,aroE, shikimate dehydrogenase [EC:1.1.1.25]
K04765,mazG, nucleoside triphosphate diphosphatase [EC:3.6.1.9]
K23948,E1.6.5.9, NADH:quinone reductase (non-electrogenic) [EC:1.6.5.9]
K00566,"mnmA, trmU", tRNA-uridine 2-sulfurtransferase [EC:2.8.1.13]
K01937,"pyrG, CTPS", CTP synthase [EC:6.3.4.2]
K07447,ruvX, putative holliday junction resolvase [EC:3.1.-.-]
K00674,dapD," 2,3,4,5-tetrahydropyridine-2,6-dicarboxylate N-succinyltransferase [EC:2.3.1.117]"
K02843,"waaF, rfaF", heptosyltransferase II [EC:2.4.-.-]
K13500,fcbD, chondroitin synthase [EC:2.4.1.175 2.4.1.226]
K02259,"COX15, ctaA", cytochrome c oxidase assembly protein subunit 15
K03923,mdaB, NADPH dehydrogenase (quinone) [EC:1.6.5.10]
K03517,nadA, quinolinate synthase [EC:2.5.1.72]
K00278,nadB, L-aspartate oxidase [EC:1.4.3.16]
K03385,nrfA, nitrite reductase (cytochrome c-552) [EC:1.7.2.2]
K07322,"ytfE, scdA", regulator of cell morphogenesis and NO signaling
K02567,napA, nitrate reductase (cytochrome) [EC:1.9.6.1]
K22468,ppk2, polyphosphate kinase [EC:2.7.4.1]
K02622,parE, topoisomerase IV subunit B [EC:5.6.2.2]
K03442,mscS, small conductance mechanosensitive channel
K19222,"menI, DHNAT"," 1,4-dihydroxy-2-naphthoyl-CoA hydrolase [EC:3.1.2.28]"
K02361,entC, isochorismate synthase [EC:5.4.4.2]
K02551,menD, 2-succinyl-5-enolpyruvyl-6-hydroxy-3-cyclohexene-1-carboxylate synthase [EC:2.2.1.9]
K00243,K00243, uncharacterized protein
K02217,"ftnA, ftn", ferritin [EC:1.16.3.2]
K01661,menB, naphthoate synthase [EC:4.1.3.36]
K16137,nemR," TetR/AcrR family transcriptional regulator, transcriptional repressor for nem operon"
K10680,nemA, N-ethylmaleimide reductase [EC:1.-.-.-]
K11941,mdoC, glucans biosynthesis protein C [EC:2.1.-.-]
K16907,K16907, fluoroquinolone transport system ATP-binding protein [EC:3.6.3.-]
K07552,"bcr, tcaB"," MFS transporter, DHA1 family, multidrug resistance protein"
K10780,fabL, enoyl-[acyl-carrier protein] reductase III [EC:1.3.1.104]
K16167,"bpsA, srsA, pks11, pks10", alkylresorcinol/alkylpyrone synthase
K00700,"GBE1, glgB"," 1,4-alpha-glucan branching enzyme [EC:2.4.1.18]"
K00975,glgC, glucose-1-phosphate adenylyltransferase [EC:2.7.7.27]
K17229,fccB, sulfide dehydrogenase [flavocytochrome c] flavoprotein chain [EC:1.8.2.3]
K00375,K00375, GntR family transcriptional regulator / MocR family aminotransferase
K01058,pldA, phospholipase A1/A2 [EC:3.1.1.32 3.1.1.4]
K22607,E1.1.1.393, 3beta-hydroxycholanate 3-dehydrogenase (NADP+) [EC:1.1.1.393]
K01354,ptrB, oligopeptidase B [EC:3.4.21.83]
K07559,kptA, putative RNA 2'-phosphotransferase [EC:2.7.1.-]
K23518,"MACROD, ymdB", O-acetyl-ADP-ribose deacetylase [EC:3.1.1.106]
K09935,K09935, uncharacterized protein
K06970,rlmF, 23S rRNA (adenine1618-N6)-methyltransferase [EC:2.1.1.181]
K06969,rlmI, 23S rRNA (cytosine1962-C5)-methyltransferase [EC:2.1.1.191]
K07305,msrB, peptide-methionine (R)-S-oxide reductase [EC:1.8.4.12]
K00382,"DLD, lpd, pdhD", dihydrolipoamide dehydrogenase [EC:1.8.1.4]
K03786,"aroQ, qutE", 3-dehydroquinate dehydratase II [EC:4.2.1.10]
K04763,xerD, integrase/recombinase XerD
K23997,nnr, ADP-dependent NAD(P)H-hydrate dehydratase / NAD(P)H-hydrate epimerase [EC:4.2.1.136 5.1.99.6]
K00872,thrB, homoserine kinase [EC:2.7.1.39]
K01733,thrC, threonine synthase [EC:4.2.3.1]
K01515,nudF, ADP-ribose pyrophosphatase [EC:3.6.1.13]
K00605,"gcvT, AMT", aminomethyltransferase [EC:2.1.2.10]
K01580,"E4.1.1.15, gadB, gadA, GAD", glutamate decarboxylase [EC:4.1.1.15]
K21756,catM," LysR family transcriptional regulator, cis,cis-muconate-responsive activator of cat and ben genes"
K11102,"gltP, gltT", proton glutamate symport protein
K01736,aroC, chorismate synthase [EC:4.2.3.5]
K00754,bshA, L-malate glycosyltransferase [EC:2.4.1.-]
K00925,ackA, acetate kinase [EC:2.7.2.1]
K13788,pta, phosphate acetyltransferase [EC:2.3.1.8]
K01890,"FARSB, pheT", phenylalanyl-tRNA synthetase beta chain [EC:6.1.1.20]
K03544,"clpX, CLPX", ATP-dependent Clp protease ATP-binding subunit ClpX
K03545,tig, trigger factor
K06076,fadL, long-chain fatty acid transport protein
K01175,ybfF, esterase [EC:3.1.-.-]
K03474,pdxJ, pyridoxine 5-phosphate synthase [EC:2.6.99.2]
K00858,"ppnK, NADK", NAD+ kinase [EC:2.7.1.23]
K00806,uppS, undecaprenyl diphosphate synthase [EC:2.5.1.31]
K07277,"SAM50, TOB55, bamA", outer membrane protein insertion porin family
K01776,murI, glutamate racemase [EC:5.1.1.3]
K01772,"hemH, FECH", protoporphyrin/coproporphyrin ferrochelatase [EC:4.99.1.1 4.99.1.9]
K02492,hemA, glutamyl-tRNA reductase [EC:1.2.1.70]
K01749,"hemC, HMBS", hydroxymethylbilane synthase [EC:2.5.1.61]
K01599,"hemE, UROD", uroporphyrinogen decarboxylase [EC:4.1.1.37]
K00228,"CPOX, hemF", coproporphyrinogen III oxidase [EC:1.3.3.3]
K01895,"ACSS1_2, acs", acetyl-CoA synthetase [EC:6.2.1.1]
K07668,vicR," two-component system, OmpR family, response regulator VicR"
K04047,dps, starvation-inducible DNA-binding protein
K06889,K06889, uncharacterized protein
K19159,yefM, antitoxin YefM
K19158,yoeB, toxin YoeB [EC:3.1.-.-]
K01868,"TARS, thrS", threonyl-tRNA synthetase [EC:6.1.1.3]
K02887,"RP-L20, MRPL20, rplT", large subunit ribosomal protein L20
K01139,spoT," GTP diphosphokinase / guanosine-3',5'-bis(diphosphate) 3'-diphosphatase [EC:2.7.6.5 3.1.7.2]"
K01939,"purA, ADSS", adenylosuccinate synthase [EC:6.3.4.4]
K01270,pepD, dipeptidase D [EC:3.4.13.-]
K02314,dnaB, replicative DNA helicase [EC:3.6.4.12]
K01962,accA, acetyl-CoA carboxylase carboxyl transferase subunit alpha [EC:6.4.1.2 2.1.3.15]
K00773,"tgt, QTRT1", queuine tRNA-ribosyltransferase [EC:2.4.2.29]
K00615,"E2.2.1.1, tktA, tktB", transketolase [EC:2.2.1.1]
K04762,hslR, ribosome-associated heat shock protein Hsp15
K00891,"aroK, aroL", shikimate kinase [EC:2.7.1.71]
K10209,crtN," 4,4'-diapophytoene desaturase [EC:1.3.8.2]"
K02291,crtB, 15-cis-phytoene synthase [EC:2.5.1.32]
K01681,"ACO, acnA", aconitate hydratase [EC:4.2.1.3]
K00088,"IMPDH, guaB", IMP dehydrogenase [EC:1.1.1.205]
K01640,"E4.1.3.4, HMGCL, hmgL", hydroxymethylglutaryl-CoA lyase [EC:4.1.3.4]
K00254,"DHODH, pyrD", dihydroorotate dehydrogenase [EC:1.3.5.2]
K01258,pepT, tripeptide aminopeptidase [EC:3.4.11.4]
K18889,"mdlA, smdA"," ATP-binding cassette, subfamily B, multidrug efflux pump"
K06041,"kdsD, kpsF", arabinose-5-phosphate isomerase [EC:5.3.1.13]
K03118,tatC, sec-independent protein translocase protein TatC
K06861,lptB, lipopolysaccharide export system ATP-binding protein [EC:3.6.3.-]
K04079,"HSP90A, htpG", molecular chaperone HtpG
K20138,P40, flavastacin [EC:3.4.24.76]
K24085,estD, esterase [EC:3.1.1.1]
K01823,"idi, IDI", isopentenyl-diphosphate Delta-isomerase [EC:5.3.3.2]
K02837,prfC, peptide chain release factor 3
K03046,rpoC, DNA-directed RNA polymerase subunit beta' [EC:2.7.7.6]
K03043,rpoB, DNA-directed RNA polymerase subunit beta [EC:2.7.7.6]
K02864,"RP-L10, MRPL10, rplJ", large subunit ribosomal protein L10
K02863,"RP-L1, MRPL1, rplA", large subunit ribosomal protein L1
K02867,"RP-L11, MRPL11, rplK", large subunit ribosomal protein L11
K02601,nusG, transcription termination/antitermination protein NusG
K02358,"tuf, TUFM", elongation factor Tu
K07047,nfdA, N-substituted formamide deformylase [EC:3.5.1.91]
K09812,ftsE, cell division transport system ATP-binding protein
K06878,K06878, tRNA-binding protein
K01627,kdsA, 2-dehydro-3-deoxyphosphooctonate aldolase (KDO 8-P synthase) [EC:2.5.1.55]
K06143,creD, inner membrane protein
K02470,gyrB, DNA gyrase subunit B [EC:5.6.2.2]
K10026,queE, 7-carboxy-7-deazaguanine synthase [EC:4.3.99.3]
K06182,rluF, 23S rRNA pseudouridine2604 synthase [EC:5.4.99.21]
K00128,ALDH, aldehyde dehydrogenase (NAD+) [EC:1.2.1.3]
K00486,KMO, kynurenine 3-monooxygenase [EC:1.14.13.9]
K15067,amnD, 2-aminomuconate deaminase [EC:3.5.99.5]
K19550,bacG, bacilysin biosynthesis oxidoreductase BacG [EC:1.3.1.-]
K00452,HAAO," 3-hydroxyanthranilate 3,4-dioxygenase [EC:1.13.11.6]"
K05995,pepE, dipeptidase E [EC:3.4.13.21]
K01425,"glsA, GLS", glutaminase [EC:3.5.1.2]
K20534,"gtrB, csbB", polyisoprenyl-phosphate glycosyltransferase [EC:2.4.-.-]
K13016,wbpB, UDP-N-acetyl-2-amino-2-deoxyglucuronate dehydrogenase [EC:1.1.1.335]
K13018,"wbpD, wlbB"," UDP-2-acetamido-3-amino-2,3-dideoxy-glucuronate N-acetyltransferase [EC:2.3.1.201]"
K00616,"E2.2.1.2, talA, talB", transaldolase [EC:2.2.1.2]
K17754,cpnA, cyclopentanol dehydrogenase [EC:1.1.1.163]
K02478,K02478," two-component system, LytTR family, sensor kinase [EC:2.7.13.3]"
K00957,cysD, sulfate adenylyltransferase subunit 2 [EC:2.7.7.4]
K00955,cysNC, bifunctional enzyme CysN/CysC [EC:2.7.7.4 2.7.1.25]
K00248,"ACADS, bcd", butyryl-CoA dehydrogenase [EC:1.3.8.1]
K01929,murF, UDP-N-acetylmuramoyl-tripeptide--D-alanyl-D-alanine ligase [EC:6.3.2.10]
K01489,"cdd, CDA", cytidine deaminase [EC:3.5.4.5]
K21416,acoA," acetoin:2,6-dichlorophenolindophenol oxidoreductase subunit alpha [EC:1.1.1.-]"
K00971,"manC, cpsB", mannose-1-phosphate guanylyltransferase [EC:2.7.7.13]
K02065,"mlaF, linL, mkl", phospholipid/cholesterol/gamma-HCH transport system ATP-binding protein
K02066,"mlaE, linK", phospholipid/cholesterol/gamma-HCH transport system permease protein
K00281,"GLDC, gcvP", glycine dehydrogenase [EC:1.4.4.2]
K07071,K07071, uncharacterized protein
K01414,prlC, oligopeptidase A [EC:3.4.24.70]
K01588,purE, 5-(carboxyamino)imidazole ribonucleotide mutase [EC:5.4.99.18]
K01589,purK, 5-(carboxyamino)imidazole ribonucleotide synthase [EC:6.3.4.18]
K03979,"obgE, cgtA, MTG2", GTPase [EC:3.6.5.-]
K02558,mpl, UDP-N-acetylmuramate: L-alanyl-gamma-D-glutamyl-meso-diaminopimelate ligase [EC:6.3.2.45]
K03630,radC, DNA repair protein RadC
K01560,E3.8.1.2, 2-haloacid dehalogenase [EC:3.8.1.2]
K07478,ycaJ, putative ATPase
K02355,"fusA, GFM, EFG", elongation factor G
K02946,"RP-S10, MRPS10, rpsJ", small subunit ribosomal protein S10
K02892,"RP-L23, MRPL23, rplW", large subunit ribosomal protein L23
K02886,"RP-L2, MRPL2, rplB", large subunit ribosomal protein L2
K02965,"RP-S19, rpsS", small subunit ribosomal protein S19
K02890,"RP-L22, MRPL22, rplV", large subunit ribosomal protein L22
K02982,"RP-S3, rpsC", small subunit ribosomal protein S3
K02878,"RP-L16, MRPL16, rplP", large subunit ribosomal protein L16
K02931,"RP-L5, MRPL5, rplE", large subunit ribosomal protein L5
K02954,"RP-S14, MRPS14, rpsN", small subunit ribosomal protein S14
K02994,"RP-S8, rpsH", small subunit ribosomal protein S8
K02881,"RP-L18, MRPL18, rplR", large subunit ribosomal protein L18
K02988,"RP-S5, MRPS5, rpsE", small subunit ribosomal protein S5
K02876,"RP-L15, MRPL15, rplO", large subunit ribosomal protein L15
K03076,secY, preprotein translocase subunit SecY
K02518,infA, translation initiation factor IF-1
K02952,"RP-S13, rpsM", small subunit ribosomal protein S13
K02948,"RP-S11, MRPS11, rpsK", small subunit ribosomal protein S11
K03040,rpoA, DNA-directed RNA polymerase subunit alpha [EC:2.7.7.6]
K01956,"carA, CPA1", carbamoyl-phosphate synthase small subunit [EC:6.3.5.5]
K01647,"CS, gltA", citrate synthase [EC:2.3.3.1]
K17472,cymR," Rrf2 family transcriptional regulator, cysteine metabolism repressor"
K01887,"RARS, argS", arginyl-tRNA synthetase [EC:6.1.1.19]
K03106,"SRP54, ffh", signal recognition particle subunit SRP54 [EC:3.6.5.4]
K01491,folD, methylenetetrahydrofolate dehydrogenase (NADP+) / methenyltetrahydrofolate cyclohydrolase [EC:1.5.1.5 3.5.4.9]
K06147,ABCB-BAC," ATP-binding cassette, subfamily B, bacterial"
K18672,dacA, diadenylate cyclase [EC:2.7.7.85]
K00796,folP, dihydropteroate synthase [EC:2.5.1.15]
K16200,dppB1, dipeptide transport system permease protein
K01803,"TPI, tpiA", triosephosphate isomerase (TIM) [EC:5.3.1.1]
K00798,"MMAB, pduO", cob(I)alamin adenosyltransferase [EC:2.5.1.17]
K03394,cobI-cbiL, precorrin-2/cobalt-factor-2 C20-methyltransferase [EC:2.1.1.130 2.1.1.151]
K04719,bluB," 5,6-dimethylbenzimidazole synthase [EC:1.13.11.79]"
K03216,"trmL, cspR", tRNA (cytidine/uridine-2'-O-)-methyltransferase [EC:2.1.1.207]
K01750,"E4.3.1.12, ocd", ornithine cyclodeaminase [EC:4.3.1.12]
K20615,vioD, capreomycidine synthase [EC:4.2.1.145]
K01695,trpA, tryptophan synthase alpha chain [EC:4.2.1.20]
K01696,trpB, tryptophan synthase beta chain [EC:4.2.1.20]
K01817,trpF, phosphoribosylanthranilate isomerase [EC:5.3.1.24]
K01609,trpC, indole-3-glycerol phosphate synthase [EC:4.1.1.48]
K00766,trpD, anthranilate phosphoribosyltransferase [EC:2.4.2.18]
K01664,pabA, para-aminobenzoate synthetase component II [EC:2.6.1.85]
K01657,trpE, anthranilate synthase component I [EC:4.1.3.27]
K02429,fucP," MFS transporter, FHS family, L-fucose permease"
K05800,ybaO, Lrp/AsnC family transcriptional regulator
K01591,pyrF, orotidine-5'-phosphate decarboxylase [EC:4.1.1.23]
K01433,purU, formyltetrahydrofolate deformylase [EC:3.5.1.10]
K11942,icmF, isobutyryl-CoA mutase [EC:5.4.99.13]
K06199,"crcB, FEX", fluoride exporter
K15461,mnmC, tRNA 5-methylaminomethyl-2-thiouridine biosynthesis bifunctional protein [EC:2.1.1.61 1.5.-.-]
K03686,dnaJ, molecular chaperone DnaJ
K05802,"mscK, kefA, aefA", potassium-dependent mechanosensitive channel
K05366,mrcA, penicillin-binding protein 1A [EC:2.4.1.129 3.4.16.4]
K05020,"opuD, betL", glycine betaine transporter
K07588,argK, LAO/AO transport system kinase [EC:2.7.-.-]
K03070,secA, preprotein translocase subunit SecA [EC:7.4.2.8]
K06187,recR, recombination protein RecR
K11708,"troC, mntC, znuB", manganese/zinc/iron transport system permease protein
K11710,"troB, mntB, znuC", manganese/zinc/iron transport system ATP- binding protein [EC:7.2.2.5]
K11707,"troA, mntA, znuA", manganese/zinc/iron transport system substrate-binding protein
K03709,troR," DtxR family transcriptional regulator, Mn-dependent transcriptional regulator"
K03742,pncC, nicotinamide-nucleotide amidase [EC:3.5.1.42]
K02902,"RP-L28, MRPL28, rpmB", large subunit ribosomal protein L28
K03110,ftsY, fused signal recognition particle receptor
K14441,rimO, ribosomal protein S12 methylthiotransferase [EC:2.8.4.4]
K03303,lctP, lactate permease
K01091,gph, phosphoglycolate phosphatase [EC:3.1.3.18]
K03270,kdsC, 3-deoxy-D-manno-octulosonate 8-phosphate phosphatase (KDO 8-P phosphatase) [EC:3.1.3.45]
K02428,rdgB, XTP/dITP diphosphohydrolase [EC:3.6.1.66]
K03315,nhaC," Na+:H+ antiporter, NhaC family"
K19715,kdnA," 8-amino-3,8-dideoxy-alpha-D-manno-octulosonate transaminase [EC:2.6.1.109]"
K01955,"carB, CPA2", carbamoyl-phosphate synthase large subunit [EC:6.3.5.5]
K18707,mtaB, threonylcarbamoyladenosine tRNA methylthiotransferase MtaB [EC:2.8.4.5]
K12368,dppA, dipeptide transport system substrate-binding protein
K02909,"RP-L31, rpmE", large subunit ribosomal protein L31
K01835,pgm, phosphoglucomutase [EC:5.4.2.2]
K01952,"PFAS, purL", phosphoribosylformylglycinamidine synthase [EC:6.3.5.3]
K07516,fadN, 3-hydroxyacyl-CoA dehydrogenase [EC:1.1.1.35]
K03825,aaaT, L-phenylalanine/L-methionine N-acetyltransferase [EC:2.3.1.53 2.3.1.-]
K00942,"E2.7.4.8, gmk", guanylate kinase [EC:2.7.4.8]
K00969,nadD, nicotinate-nucleotide adenylyltransferase [EC:2.7.7.18]
K01715,crt, enoyl-CoA hydratase [EC:4.2.1.17]
K13892,gsiA, glutathione transport system ATP-binding protein
K01029,"E2.8.3.5B, scoB", 3-oxoacid CoA-transferase subunit B [EC:2.8.3.5]
K01028,"E2.8.3.5A, scoA", 3-oxoacid CoA-transferase subunit A [EC:2.8.3.5]
K07146,K07146, UPF0176 protein
K03553,recA, recombination protein RecA
K01867,"WARS, trpS", tryptophanyl-tRNA synthetase [EC:6.1.1.2]
K01889,"FARSA, pheS", phenylalanyl-tRNA synthetase alpha chain [EC:6.1.1.20]
K01673,"cynT, can", carbonic anhydrase [EC:4.2.1.1]
K01810,"GPI, pgi", glucose-6-phosphate isomerase [EC:5.3.1.9]
K19304,mepM, murein DD-endopeptidase [EC:3.4.24.-]
K00457,"HPD, hppD", 4-hydroxyphenylpyruvate dioxygenase [EC:1.13.11.27]
K03703,uvrC, excinuclease ABC subunit C
K05844,rimK, ribosomal protein S6--L-glutamate ligase [EC:6.3.2.-]
K01934,MTHFS, 5-formyltetrahydrofolate cyclo-ligase [EC:6.3.3.2]
K01870,"IARS, ileS", isoleucyl-tRNA synthetase [EC:6.1.1.5]
K13566,"NIT2, yafV", omega-amidase [EC:3.5.1.3]
K01880,"GARS, glyS1", glycyl-tRNA synthetase [EC:6.1.1.14]
K01142,"E3.1.11.2, xthA", exodeoxyribonuclease III [EC:3.1.11.2]
K22187,xylA, alpha-ketoglutaric semialdehyde dehydrogenase [EC:1.2.1.-]
K00057,gpsA, glycerol-3-phosphate dehydrogenase (NAD(P)+) [EC:1.1.1.94]
K01011,"TST, MPST, sseA", thiosulfate/3-mercaptopyruvate sulfurtransferase [EC:2.8.1.1 2.8.1.2]
K01207,nagZ, beta-N-acetylhexosaminidase [EC:3.2.1.52]
K07126,K07126, uncharacterized protein
K22719,envC, murein hydrolase activator
K01520,"dut, DUT", dUTP pyrophosphatase [EC:3.6.1.23]
K02115,"ATPF1G, atpG", F-type H+-transporting ATPase subunit gamma
K02113,"ATPF1D, atpH", F-type H+-transporting ATPase subunit delta
K02109,"ATPF0B, atpF", F-type H+-transporting ATPase subunit b
K03831,mogA, molybdopterin adenylyltransferase [EC:2.7.7.75]
K07042,"ybeY, yqfG", probable rRNA maturation factor
K00496,"alkB1_2, alkM", alkane 1-monooxygenase [EC:1.14.15.3]
K03665,hflX, GTPase
K01805,xylA, xylose isomerase [EC:5.3.1.5]
K05499,cytR," LacI family transcriptional regulator, repressor for deo operon, udp, cdd, tsx, nupC, and nupG"
K05349,bglX, beta-glucosidase [EC:3.2.1.21]
K07694,vraR," two-component system, NarL family, vancomycin resistance associated response regulator VraR"
K00453,"TDO2, kynA"," tryptophan 2,3-dioxygenase [EC:1.13.11.11]"
K11641,natR," two-component system, LytTR family, response regulator NatR"
K01083,E3.1.3.8, 3-phytase [EC:3.1.3.8]
K21147,"moeZR, moeBR", sulfur-carrier protein adenylyltransferase/sulfurtransferase [EC:2.7.7.80 2.7.7.- 2.8.1.11 2.8.1.-]
K09811,ftsX, cell division transport system permease protein
K01866,"YARS, tyrS", tyrosyl-tRNA synthetase [EC:6.1.1.1]
K07636,phoR," two-component system, OmpR family, phosphate regulon sensor histidine kinase PhoR [EC:2.7.13.3]"
K03439,"trmB, METTL1, TRM8", tRNA (guanine-N7-)-methyltransferase [EC:2.1.1.33]
K07443,ybaZ, methylated-DNA-protein-cysteine methyltransferase related protein
K03593,"mrp, NUBPL", ATP-binding protein involved in chromosome partitioning
K00285,dadA, D-amino-acid dehydrogenase [EC:1.4.5.1]
K12658,lhpA, 4-hydroxyproline epimerase [EC:5.1.1.8]
K02495,"hemN, hemZ", oxygen-independent coproporphyrinogen III oxidase [EC:1.3.98.3]
K02860,rimM, 16S rRNA processing protein RimM
K15460,"yfiC, trmX", tRNA1Val (adenine37-N6)-methyltransferase [EC:2.1.1.223]
K01126,"E3.1.4.46, glpQ, ugpQ", glycerophosphoryl diester phosphodiesterase [EC:3.1.4.46]
K05770,"TSPO, BZRP", translocator protein
K06178,rluB, 23S rRNA pseudouridine2605 synthase [EC:5.4.99.22]
K19647,hgd, 2-hydroxymethylglutarate dehydrogenase [EC:1.1.1.291]
K03783,"punA, PNP", purine-nucleoside phosphorylase [EC:2.4.2.1]
K03307,TC.SSS," solute:Na+ symporter, SSS family"
K07788,mdtB, multidrug efflux pump
K12340,tolC, outer membrane protein
K11354,cph1," two-component system, chemotaxis family, sensor kinase Cph1 [EC:2.7.13.3]"
K05895,cobK-cbiJ, precorrin-6A/cobalt-precorrin-6A reductase [EC:1.3.1.54 1.3.1.106]
K02615,paaJ," 3-oxo-5,6-didehydrosuberyl-CoA/3-oxoadipyl-CoA thiolase [EC:2.3.1.223 2.3.1.174]"
K03453,TC.BASS," bile acid:Na+ symporter, BASS family"
K15555,ssuB, sulfonate transport system ATP-binding protein [EC:3.6.3.-]
K14415,"RTCB, rtcB", tRNA-splicing ligase RtcB (3'-phosphate/5'-hydroxy nucleic acid ligase) [EC:6.5.1.8]
K03316,TC.CPA1," monovalent cation:H+ antiporter, CPA1 family"
K00158,"E1.2.3.3, poxL", pyruvate oxidase [EC:1.2.3.3]
K05396,dcyD, D-cysteine desulfhydrase [EC:4.4.1.15]
K01845,hemL," glutamate-1-semialdehyde 2,1-aminomutase [EC:5.4.3.8]"
K03801,lipB, lipoyl(octanoyl) transferase [EC:2.3.1.181]
K03470,rnhB, ribonuclease HII [EC:3.1.26.4]
K05799,pdhR," GntR family transcriptional regulator, transcriptional repressor for pyruvate dehydrogenase complex"
K03116,tatA, sec-independent protein translocase protein TatA
K18431,"legF, ptmB"," CMP-N,N'-diacetyllegionaminic acid synthase [EC:2.7.7.82]"
K01057,"PGLS, pgl, devB", 6-phosphogluconolactonase [EC:3.1.1.31]
K18788,wbbD," UDP-Gal:alpha-D-GlcNAc-diphosphoundecaprenol beta-1,3-galactosyltransferase [EC:2.4.1.303]"
K18430,"legI, neuB2"," N,N'-diacetyllegionaminate synthase [EC:2.5.1.101]"
K03606,wcaJ, putative colanic acid biosysnthesis UDP-glucose lipid carrier transferase
K04042,glmU, bifunctional UDP-N-acetylglucosamine pyrophosphorylase / Glucosamine-1-phosphate N-acetyltransferase [EC:2.7.7.23 2.3.1.157]
K16066,ydfG, 3-hydroxy acid dehydrogenase / malonic semialdehyde reductase [EC:1.1.1.381 1.1.1.-]
K02546,mecI," BlaI family transcriptional regulator, methicillin resistance regulatory protein"
K09810,lolD, lipoprotein-releasing system ATP-binding protein [EC:3.6.3.-]
K11754,folC, dihydrofolate synthase / folylpolyglutamate synthase [EC:6.3.2.12 6.3.2.17]
K16124,tycC, tyrocidine synthetase III
K15667,"K15667, ppsD, fenA", fengycin family lipopeptide synthetase D
K01779,racD, aspartate racemase [EC:5.1.1.13]
K23752,cmlA, 4-amino-L-phenylalanyl-[CmlP-peptidyl-carrier-protein] 3-hydroxylase [EC:1.14.99.65]
K06159,yojI, multidrug/microcin transport system ATP-binding/permease protein
K04780,dhbF, nonribosomal peptide synthetase DhbF
K12945,nudK, GDP-mannose pyrophosphatase NudK [EC:3.6.1.-]
K16011,"algA, xanB, rfbA, wbpW, pslB", mannose-1-phosphate guanylyltransferase / mannose-6-phosphate isomerase [EC:2.7.7.13 5.3.1.8]
K22605,baiA, 3alpha-hydroxycholanate dehydrogenase (NADP+) [EC:1.1.1.392]
K19889,rebM, demethylrebeccamycin-D-glucose O-methyltransferase [EC:2.1.1.164]
K12941,abgB, aminobenzoyl-glutamate utilization protein B
K07734,paiB, transcriptional regulator
K08723,yjjG, 5'-nucleotidase [EC:3.1.3.5]
K02950,"RP-S12, MRPS12, rpsL", small subunit ribosomal protein S12
K02906,"RP-L3, MRPL3, rplC", large subunit ribosomal protein L3
K02961,"RP-S17, MRPS17, rpsQ", small subunit ribosomal protein S17
K02895,"RP-L24, MRPL24, rplX", large subunit ribosomal protein L24
K11068,hlyIII, hemolysin III
K07444,ypsC, putative N6-adenine-specific DNA methylase [EC:2.1.1.-]
K03215,rumA, 23S rRNA (uracil1939-C5)-methyltransferase [EC:2.1.1.190]
K00819,"rocD, OAT", ornithine--oxo-acid transaminase [EC:2.6.1.13]
K04487,"iscS, NFS1", cysteine desulfurase [EC:2.8.1.7]
K18682,rny, ribonucrease Y [EC:3.1.-.-]
K11443,divK," two-component system, cell cycle response regulator DivK"
K06876,K06876, deoxyribodipyrimidine photolyase-related protein
K03671,trxA, thioredoxin 1
K10806,yciA, acyl-CoA thioesterase YciA [EC:3.1.2.-]
K14257,"ctcP, cts4, prnC", tetracycline 7-halogenase / FADH2 O2-dependent halogenase [EC:1.14.19.49 1.14.19.-]
K01734,mgsA, methylglyoxal synthase [EC:4.2.3.3]
K03782,katG, catalase-peroxidase [EC:1.11.1.21]
K18907,norG," GntR family transcriptional regulator, regulator for abcA and norABC"
K14392,panF, sodium/pantothenate symporter
K10715,rpfC," two-component system, sensor histidine kinase RpfC [EC:2.7.13.3]"
K07152,SCO1, protein SCO1
K08997,"SELENOO, selO", serine/tyrosine/threonine adenylyltransferase [EC:2.7.7.-]
K12748,gca, glutaryl-7-aminocephalosporanic-acid acylase [EC:3.5.1.93]
K08325,yqhD, NADP-dependent alcohol dehydrogenase [EC:1.1.-.-]
K23514,"fecI, prhI"," RNA polymerase sigma-19 factor, ECF subfamily"
K21839,caa43, 2-haloacrylate reductase [EC:1.3.1.103]
K02372,fabZ, 3-hydroxyacyl-[acyl-carrier-protein] dehydratase [EC:4.2.1.59]
K09858,K09858, SEC-C motif domain protein
K19271,catA, chloramphenicol O-acetyltransferase type A [EC:2.3.1.28]
K07222,K07222, putative flavoprotein involved in K+ transport
K00359,qorA, NADPH:quinone reductase [EC:1.6.5.5]
K06156,gntU, Gnt-I system low-affinity gluconate transporter
K08296,sixA, phosphohistidine phosphatase [EC:3.1.3.-]
K21757,benM," LysR family transcriptional regulator, benzoate and cis,cis-muconate-responsive activator of ben and cat genes"
K01479,hutG, formiminoglutamase [EC:3.5.3.8]
K00344,"qor, CRYZ", NADPH:quinone reductase [EC:1.6.5.5]
K01692,"paaF, echA", enoyl-CoA hydratase [EC:4.2.1.17]
K20143,acrC, acrylyl-CoA reductase (NADH) [EC:1.3.1.95]
K20035,dmdC, 3-(methylthio)propanoyl-CoA dehydrogenase [EC:1.3.8.-]
K05591,dbpA, ATP-dependent RNA helicase DbpA [EC:3.6.4.13]
K02619,pabC, 4-amino-4-deoxychorismate lyase [EC:4.1.3.38]
K10682,saeR," two-component system, OmpR family, response regulator SaeR"
K02454,gspE, general secretion pathway protein E [EC:7.4.2.8]
K04063,"osmC, ohr", lipoyl-dependent peroxiredoxin [EC:1.11.1.28]
K03585,"acrA, mexA, adeI, smeD, mtrC, cmeA"," membrane fusion protein, multidrug efflux system"
K18139,"oprM, emhC, ttgC, cusC, adeK, smeF, mtrE, cmeC, gesC"," outer membrane protein, multidrug efflux system"
K00118,gfo, glucose-fructose oxidoreductase [EC:1.1.99.28]
K23107,yajO, 1-deoxyxylulose-5-phosphate synthase [EC:1.1.-.-]
K07460,yraN, putative endonuclease
K00974,cca, tRNA nucleotidyltransferase (CCA-adding enzyme) [EC:2.7.7.72 3.1.3.- 3.1.4.-]
K20968,exsA," AraC family transcriptional regulator, exoenzyme S synthesis regulatory protein ExsA"
K23257,yvgN, methylglyoxal/glyoxal reductase [EC:1.1.1.283 1.1.1.-]
K20680,fdtB," dTDP-3-amino-3,6-dideoxy-alpha-D-galactopyranose transaminase [EC:2.6.1.90]"
K16693,wzxE, enterobacterial common antigen flippase
K17248,pglJ," N-acetylgalactosamine-N,N'-diacetylbacillosaminyl-diphospho-undecaprenol 4-alpha-N-acetylgalactosaminyltransferase [EC:2.4.1.291]"
K20679,fdtA," TDP-4-oxo-6-deoxy-alpha-D-glucose-3,4-oxoisomerase [EC:5.3.2.3]"
K21363,"wfaP, wfgD"," UDP-Glc:alpha-D-GlcNAc-glucosaminyl-diphosphoundecaprenol beta-1,3-glucosyltransferase [EC:2.4.1.305]"
K02935,"RP-L7, MRPL12, rplL", large subunit ribosomal protein L7/L12
K02575,"NRT, narK, nrtP, nasA"," MFS transporter, NNP family, nitrate/nitrite transporter"
K11952,cmpC, bicarbonate transport system ATP-binding protein [EC:3.6.3.-]
K15579,"nrtD, cynD", nitrate/nitrite transport system ATP-binding protein
K11953,cmpD, bicarbonate transport system ATP-binding protein [EC:3.6.3.-]
K03635,"MOCS2B, moaE", molybdopterin synthase catalytic subunit [EC:2.8.1.12]
K03636,"moaD, cysO", sulfur-carrier protein
K03752,mobA, molybdenum cofactor guanylyltransferase [EC:2.7.7.77]
K03750,moeA, molybdopterin molybdotransferase [EC:2.10.1.1]
K23124,pxpC, 5-oxoprolinase (ATP-hydrolysing) subunit C [EC:3.5.2.9]
K02013,ABC.FEV.A, iron complex transport system ATP-binding protein [EC:7.2.2.-]
K07693,desR," two-component system, NarL family, response regulator DesR"
K01619,"deoC, DERA", deoxyribose-phosphate aldolase [EC:4.1.2.4]
K11250,leuE, leucine efflux protein
K17686,"copA, ctpA, ATP7", P-type Cu+ transporter [EC:7.2.2.8]
K03778,ldhA, D-lactate dehydrogenase [EC:1.1.1.28]
K07112,K07112, uncharacterized protein
K06131,clsA_B, cardiolipin synthase A/B [EC:2.7.8.-]
K03284,corA, magnesium transporter
K01916,nadE, NAD+ synthase [EC:6.3.1.5]
K07689,"uvrY, gacA, varA"," two-component system, NarL family, invasion response regulator UvrY"
K07560,"dtd, DTD", D-aminoacyl-tRNA deacylase [EC:3.1.1.96]
K05350,bglB, beta-glucosidase [EC:3.2.1.21]
K10764,metZ, O-succinylhomoserine sulfhydrylase [EC:2.5.1.-]
K03522,"fixB, etfA", electron transfer flavoprotein alpha subunit
K13602,bchR, bacteriochlorophyllide d C-12(1)-methyltransferase [EC:2.1.1.331]
K15907,"ptlI, CYP183A", pentalenene oxygenase [EC:1.14.15.32]
K02275,"coxB, ctaC", cytochrome c oxidase subunit II [EC:7.1.1.9]
K03798,"ftsH, hflB", cell division protease FtsH [EC:3.4.24.-]
K09697,natA, sodium transport system ATP-binding protein [EC:7.2.2.4]
K19784,"chrR, NQR"," chromate reductase, NAD(P)H dehydrogenase (quinone)"
K11635,yxdL, putative ABC transport system ATP-binding protein
K15784,doeB," N2-acetyl-L-2,4-diaminobutanoate deacetylase [EC:3.5.1.125]"
K03333,choD, cholesterol oxidase [EC:1.1.3.6]
K01812,uxaC, glucuronate isomerase [EC:5.3.1.12]
K15726,"czcA, cusA, cnrA", heavy metal efflux system protein
K06148,ABCC-BAC," ATP-binding cassette, subfamily C, bacterial"
K05837,"rodA, mrdB", rod shape determining protein RodA
K02099,araC," AraC family transcriptional regulator, arabinose operon regulatory protein"
K03711,"fur, zur, furB"," Fur family transcriptional regulator, ferric uptake regulator"
K01737,"queD, ptpS, PTS", 6-pyruvoyltetrahydropterin/6-carboxytetrahydropterin synthase [EC:4.2.3.12 4.1.2.50]
K07282,"capA, pgsA", gamma-polyglutamate biosynthesis protein CapA
K22318,oleB, cis-3-alkyl-4-acyloxetan-2-one decarboxylase [EC:4.1.1.114]
K16089,"TC.FEV.OM2, cirA, cfrA, hmuR", outer membrane receptor for ferrienterochelin and colicins
K21053,ade, adenine deaminase [EC:3.5.4.2]
K20438,valG, validoxylamine A glucosyltransferase [EC:2.4.1.338]
K00209,"fabV, ter", enoyl-[acyl-carrier protein] reductase / trans-2-enoyl-CoA reductase (NAD+) [EC:1.3.1.9 1.3.1.44]
K13995,nicF, maleamate amidohydrolase [EC:3.5.1.107]
K01218,gmuG," mannan endo-1,4-beta-mannosidase [EC:3.2.1.78]"
K07017,K07017, uncharacterized protein
K22934,E3.2.1.28," alpha,alpha-trehalase [EC:3.2.1.28]"
K08307,"mltD, dniR", membrane-bound lytic murein transglycosylase D [EC:4.2.2.-]
K12713,novN, decarbamoylnovobiocin carbamoyltransferase [EC:2.1.3.12]
K00860,cysC, adenylylsulfate kinase [EC:2.7.1.25]
K04034,bchE, anaerobic magnesium-protoporphyrin IX monomethyl ester cyclase [EC:1.21.98.3]
K01625,eda, 2-dehydro-3-deoxyphosphogluconate aldolase / (4S)-4-hydroxy-2-oxoglutarate aldolase [EC:4.1.2.14 4.1.3.42]
K00874,kdgK, 2-dehydro-3-deoxygluconokinase [EC:2.7.1.45]
K03366,"butA, budC"," meso-butanediol dehydrogenase / (S,S)-butanediol dehydrogenase / diacetyl reductase [EC:1.1.1.- 1.1.1.76 1.1.1.304]"
K08191,exuT," MFS transporter, ACS family, hexuronate transporter"
K20525,alg17C, oligo-alginate lyase [EC:4.2.2.26]
K20927,mpdB," 2-methyl-1,2-propanediol dehydrogenase [EC:1.1.1.400]"
K03592,pmbA, PmbA protein
K01267,DNPEP, aspartyl aminopeptidase [EC:3.4.11.21]
K12972,ghrA, glyoxylate/hydroxypyruvate reductase [EC:1.1.1.79 1.1.1.81]
K00965,"galT, GALT", UDPglucose--hexose-1-phosphate uridylyltransferase [EC:2.7.7.12]
K11690,dctM," C4-dicarboxylate transporter, DctM subunit"
K01686,uxuA, mannonate dehydratase [EC:4.2.1.8]
K01055,pcaD, 3-oxoadipate enol-lactonase [EC:3.1.1.24]
K03687,GRPE, molecular chaperone GrpE
K03651,cpdA," 3',5'-cyclic-AMP phosphodiesterase [EC:3.1.4.53]"
K06911,PIR," quercetin 2,3-dioxygenase [EC:1.13.11.24]"
K01497,"ribA, RIB1", GTP cyclohydrolase II [EC:3.5.4.25]
K22136,bshC, bacillithiol synthase
K11720,lptG, lipopolysaccharide export system permease protein
K00839,pucG, (S)-ureidoglycine---glyoxylate transaminase [EC:2.6.1.112]
K21430,yliI, aldose sugar dehydrogenase [EC:1.1.5.-]
K00362,nirB, nitrite reductase (NADH) large subunit [EC:1.7.1.15]
K00376,nosZ, nitrous-oxide reductase [EC:1.7.2.4]
K00646,pksF, malonyl-ACP decarboxylase
K15337,acpK, polyketide biosynthesis acyl carrier protein
K15328,pksD, bacillaene synthase trans-acting acyltransferase
K15312,pksH, polyketide biosynthesis enoyl-CoA hydratase PksH
K15311,pksG, polyketide biosynthesis 3-hydroxy-3-methylglutaryl-CoA synthase-like enzyme PksG
K04127,cefD, isopenicillin-N epimerase [EC:5.1.1.17]
K08587,cloSI, clostripain [EC:3.4.22.8]
K11936,"pgaC, icaA"," poly-beta-1,6-N-acetyl-D-glucosamine synthase [EC:2.4.1.-]"
K09994,phnO, (aminoalkyl)phosphonate N-acetyltransferase [EC:2.3.1.280]
K07710,atoS," two-component system, NtrC family, sensor histidine kinase AtoS [EC:2.7.13.3]"
K02111,"ATPF1A, atpA", F-type H+/Na+-transporting ATPase subunit alpha [EC:7.1.2.2 7.2.2.1]
K10011,"arnA, pmrI", UDP-4-amino-4-deoxy-L-arabinose formyltransferase / UDP-glucuronic acid dehydrogenase (UDP-4-keto-hexauronic acid decarboxylating) [EC:2.1.2.13 1.1.1.305]
K19997,gnu, GlcNAc-P-P-Und epimerase [EC:5.1.3.26]
K15237,linC," 2,5-dichloro-2,5-cyclohexadiene-1,4-diol dehydrogenase 1 [EC:1.3.1.-]"
K18429,"legG, neuC2"," GDP/UDP-N,N'-diacetylbacillosamine 2-epimerase (hydrolysing) [EC:3.2.1.184]"
K02341,holB, DNA polymerase III subunit delta' [EC:2.7.7.7]
K21574,susB," glucan 1,4-alpha-glucosidase [EC:3.2.1.3]"
K22309,olsG, ornithine lipid N-methyltransferase [EC:2.1.1.344]
K03490,"chbR, celD"," AraC family transcriptional regulator, dual regulator of chb operon"
K18981,udh, uronate dehydrogenase [EC:1.1.1.203]
K09681,gltC," LysR family transcriptional regulator, transcription activator of glutamate synthase operon"
K07576,K07576, metallo-beta-lactamase family protein
K05516,cbpA, curved DNA-binding protein
K01512,acyP, acylphosphatase [EC:3.6.1.7]
K07240,chrA, chromate transporter
K00077,"panE, apbA", 2-dehydropantoate 2-reductase [EC:1.1.1.169]
K07757,ybiV, sugar-phosphatase [EC:3.1.3.23]
K02554,mhpD, 2-keto-4-pentenoate hydratase [EC:4.2.1.80]
K01785,"galM, GALM", aldose 1-epimerase [EC:5.1.3.3]
K03931,ygjK, putative isomerase
K23072,,
K01854,glf, UDP-galactopyranose mutase [EC:5.4.99.9]
K16870,wbbL, N-acetylglucosaminyl-diphospho-decaprenol L-rhamnosyltransferase [EC:2.4.1.289]
K06179,rluC, 23S rRNA pseudouridine955/2504/2580 synthase [EC:5.4.99.24]
K01829,E5.3.4.1, protein disulfide-isomerase [EC:5.3.4.1]
K15721,fyuA, pesticin/yersiniabactin receptor
K21272,auaG, aurachin C monooxygenase/isomerase [EC:1.14.13.222]
K00662,aacC, aminoglycoside 3-N-acetyltransferase [EC:2.3.1.81]
K00661,maa, maltose O-acetyltransferase [EC:2.3.1.79]
K21900,cysL," LysR family transcriptional regulator, transcriptional activator of the cysJI operon"
K00887,dgkA, undecaprenol kinase [EC:2.7.1.66]
K00003,hom, homoserine dehydrogenase [EC:1.1.1.3]
K11921,cynR," LysR family transcriptional regulator, cyn operon transcriptional activator"
K08224,ynfM," MFS transporter, YNFM family, putative membrane transport protein"
K06607,iolS, myo-inositol catabolism protein IolS [EC:1.1.1.-]
K00046,idnO, gluconate 5-dehydrogenase [EC:1.1.1.69]
K02854,rhaR," AraC family transcriptional regulator, L-rhamnose operon transcriptional activator RhaR"
K01476,"E3.5.3.1, rocF, arg", arginase [EC:3.5.3.1]
K02687,prmA, ribosomal protein L11 methyltransferase [EC:2.1.1.-]
K01271,pepQ, Xaa-Pro dipeptidase [EC:3.4.13.9]
K01777,prdF, proline racemase [EC:5.1.1.4]
K19742,lhpI, 1-pyrroline-2-carboxylate reductase [NAD(P)H] [EC:1.5.1.49]
K20992,pytH, pyrethroid hydrolase [EC:3.1.1.88]
K12253,aruI, 5-guanidino-2-oxopentanoate decarboxylase [EC:4.1.1.75]
K01462,"PDF, def", peptide deformylase [EC:3.5.1.88]
K19888,rebG, 4'-demethylrebeccamycin synthase [EC:4.3.3.5]
K16839,hpxO, FAD-dependent urate hydroxylase [EC:1.14.13.113]
K00351,nqrF, Na+-transporting NADH:ubiquinone oxidoreductase subunit F [EC:7.2.1.1]
K13670,pimF, putative glycosyltransferase [EC:2.4.-.-]
K02805,"wecE, rffA"," dTDP-4-amino-4,6-dideoxygalactose transaminase [EC:2.6.1.59]"
K00640,cysE, serine O-acetyltransferase [EC:2.3.1.30]
K22430,carC, caffeyl-CoA reductase-Etf complex subunit CarC [EC:1.3.1.108]
K01502,E3.5.5.7, aliphatic nitrilase [EC:3.5.5.7]
K07789,mdtC, multidrug efflux pump
K07684,narL," two-component system, NarL family, nitrate/nitrite response regulator NarL"
K01077,"E3.1.3.1, phoA, phoB", alkaline phosphatase [EC:3.1.3.1]
K18785,mp2," beta-1,4-mannooligosaccharide/beta-1,4-mannosyl-N-acetylglucosamine phosphorylase [EC:2.4.1.319 2.4.1.320]"
K00847,"E2.7.1.4, scrK", fructokinase [EC:2.7.1.4]
K04564,SOD2," superoxide dismutase, Fe-Mn family [EC:1.15.1.1]"
K20866,yihX, glucose-1-phosphatase [EC:3.1.3.10]
K01439,dapE, succinyl-diaminopimelate desuccinylase [EC:3.5.1.18]
K07799,mdtA," membrane fusion protein, multidrug efflux system"
K20757,dthadh, threo-3-hydroxy-D-aspartate ammonia-lyase [EC:4.3.1.27]
K21721,sbnB, N-[(2S)-2-amino-2-carboxyethyl]-L-glutamate dehydrogenase [EC:1.5.1.51]
K07666,qseB," two-component system, OmpR family, response regulator QseB"
K00596,E4.1.1.64," 2,2-dialkylglycine decarboxylase (pyruvate) [EC:4.1.1.64]"
K03427,hsdM, type I restriction enzyme M protein [EC:2.1.1.72]
K07303,iorB, isoquinoline 1-oxidoreductase subunit beta [EC:1.3.99.16]
K03827,yjaB, putative acetyltransferase [EC:2.3.1.-]
K05835,rhtC, threonine efflux protein
K04748,norQ, nitric oxide reductase NorQ protein
K05714,mhpC," 2-hydroxy-6-oxonona-2,4-dienedioate hydrolase [EC:3.7.1.14]"
K00123,"fdoG, fdhF, fdwA", formate dehydrogenase major subunit [EC:1.17.1.9]
K02379,fdhD, FdhD protein
K01938,fhs, formate--tetrahydrofolate ligase [EC:6.3.4.3]
K01751,E4.3.1.15, diaminopropionate ammonia-lyase [EC:4.3.1.15]
K00116,mqo, malate dehydrogenase (quinone) [EC:1.1.5.4]
K07275,ompW, outer membrane protein
